/* List of Curriculums Created in same month and same time
    Curriculum ID's will begin at 100s
*/
INSERT INTO CURRICULUM (ID, CREATOR_ID, DATE_CREATED, MASTER_VERSION, MODIFIER_ID, NAME, WEEK_DURATION, VERSION) VALUES (100, 50, TO_TIMESTAMP('02 MAY 2018 12:00:00'), false, 0, 'Java', 10, 1);


INSERT INTO CURRICULUM (ID, CREATOR_ID, DATE_CREATED, MASTER_VERSION, MODIFIER_ID, NAME, WEEK_DURATION, VERSION) VALUES (101, 50, TO_TIMESTAMP('02 MAY 2018 12:00:00'), false, 0, '.NET', 10, 1);



/* List of Curriculums Created in different month */
INSERT INTO CURRICULUM (ID, CREATOR_ID, DATE_CREATED, MASTER_VERSION, MODIFIER_ID, NAME, WEEK_DURATION, VERSION) VALUES (102, 50, TO_TIMESTAMP('02/JUN/2018 12:00:00'), false, 0, 'Java', 10, 2);
INSERT INTO CURRICULUM (ID, CREATOR_ID, DATE_CREATED, MASTER_VERSION, MODIFIER_ID, NAME, WEEK_DURATION, VERSION) VALUES (103, 50, TO_TIMESTAMP('02/JUL/2018 12:00:00'), false, 0, 'Java', 10, 3);
INSERT INTO CURRICULUM (ID, CREATOR_ID, DATE_CREATED, MASTER_VERSION, MODIFIER_ID, NAME, WEEK_DURATION, VERSION) VALUES (104, 50, TO_TIMESTAMP('02/AUG/2018 12:00:00'), false, 0, '.NET', 10, 2);
INSERT INTO CURRICULUM (ID, CREATOR_ID, DATE_CREATED, MASTER_VERSION, MODIFIER_ID, NAME, WEEK_DURATION, VERSION) VALUES (105, 50, TO_TIMESTAMP('02/SEP/2018 12:00:00'), false, 0, '.NET', 10, 3);

INSERT INTO CURRICULUM (ID, CREATOR_ID, DATE_CREATED, MASTER_VERSION, MODIFIER_ID, NAME, WEEK_DURATION, VERSION) VALUES (106, 50, TO_TIMESTAMP('02/JUN/2019 12:00:00'), false, 0, 'Java', 10, 4);
INSERT INTO CURRICULUM (ID, CREATOR_ID, DATE_CREATED, MASTER_VERSION, MODIFIER_ID, NAME, WEEK_DURATION, VERSION) VALUES (107, 50, TO_TIMESTAMP('02/JUL/2019 12:00:00'), false, 0, 'Java', 10, 4);
INSERT INTO CURRICULUM (ID, CREATOR_ID, DATE_CREATED, MASTER_VERSION, MODIFIER_ID, NAME, WEEK_DURATION, VERSION) VALUES (108, 50, TO_TIMESTAMP('02/AUG/2019 12:00:00'), false, 0, '.NET', 10, 4);
INSERT INTO CURRICULUM (ID, CREATOR_ID, DATE_CREATED, MASTER_VERSION, MODIFIER_ID, NAME, WEEK_DURATION, VERSION) VALUES (109, 50, TO_TIMESTAMP('02/SEP/2019 12:00:00'), false, 0, '.NET', 10, 4);

INSERT INTO CURRICULUM (ID, CREATOR_ID, DATE_CREATED, MASTER_VERSION, MODIFIER_ID, NAME, WEEK_DURATION, VERSION) VALUES (110, 50, TO_TIMESTAMP('02/JUN/2020 12:00:00'), false, 0, 'Java', 10, 5);
INSERT INTO CURRICULUM (ID, CREATOR_ID, DATE_CREATED, MASTER_VERSION, MODIFIER_ID, NAME, WEEK_DURATION, VERSION) VALUES (111, 50, TO_TIMESTAMP('02/JUL/2020 12:00:00'), false, 0, 'Java', 10, 5);
INSERT INTO CURRICULUM (ID, CREATOR_ID, DATE_CREATED, MASTER_VERSION, MODIFIER_ID, NAME, WEEK_DURATION, VERSION) VALUES (112, 50, TO_TIMESTAMP('02/AUG/2020 12:00:00'), false, 0, '.NET', 10, 5);
INSERT INTO CURRICULUM (ID, CREATOR_ID, DATE_CREATED, MASTER_VERSION, MODIFIER_ID, NAME, WEEK_DURATION, VERSION) VALUES (113, 50, TO_TIMESTAMP('02/SEP/2020 12:00:00'), false, 0, '.NET', 10, 5);

INSERT INTO CURRICULUM (ID, CREATOR_ID, DATE_CREATED, MASTER_VERSION, MODIFIER_ID, NAME, WEEK_DURATION, VERSION) VALUES (114, 50, TO_TIMESTAMP('02/JUN/2021 12:00:00'), false, 0, 'Java', 10, 6);
INSERT INTO CURRICULUM (ID, CREATOR_ID, DATE_CREATED, MASTER_VERSION, MODIFIER_ID, NAME, WEEK_DURATION, VERSION) VALUES (115, 50, TO_TIMESTAMP('02/JUL/2021 12:00:00'), false, 0, 'Java', 10, 6);
INSERT INTO CURRICULUM (ID, CREATOR_ID, DATE_CREATED, MASTER_VERSION, MODIFIER_ID, NAME, WEEK_DURATION, VERSION) VALUES (116, 50, TO_TIMESTAMP('02/AUG/2021 12:00:00'), false, 0, '.NET', 10, 6);
INSERT INTO CURRICULUM (ID, CREATOR_ID, DATE_CREATED, MASTER_VERSION, MODIFIER_ID, NAME, WEEK_DURATION, VERSION) VALUES (117, 50, TO_TIMESTAMP('02/SEP/2021 12:00:00'), false, 0, '.NET', 10, 6);

INSERT INTO CURRICULUM (ID, CREATOR_ID, DATE_CREATED, MASTER_VERSION, MODIFIER_ID, NAME, WEEK_DURATION, VERSION) VALUES (118, 50, TO_TIMESTAMP('02/JUN/2021 12:00:00'), false, 0, 'Java', 10, 7);
INSERT INTO CURRICULUM (ID, CREATOR_ID, DATE_CREATED, MASTER_VERSION, MODIFIER_ID, NAME, WEEK_DURATION, VERSION) VALUES (119, 50, TO_TIMESTAMP('02/JUL/2021 12:00:00'), false, 0, 'Java', 10, 7);
INSERT INTO CURRICULUM (ID, CREATOR_ID, DATE_CREATED, MASTER_VERSION, MODIFIER_ID, NAME, WEEK_DURATION, VERSION) VALUES (120, 50, TO_TIMESTAMP('02/AUG/2021 12:00:00'), false, 0, '.NET', 10, 7);
INSERT INTO CURRICULUM (ID, CREATOR_ID, DATE_CREATED, MASTER_VERSION, MODIFIER_ID, NAME, WEEK_DURATION, VERSION) VALUES (121, 50, TO_TIMESTAMP('02/SEP/2021 12:00:00'), false, 0, '.NET', 10, 7);

/* 
    Curriculum ID's will begin at 200s
    
    Curriculum_subtopic learning 'Loops' 
    1000 - Loops
*/
INSERT INTO CURRICULUM_SUBTOPIC (ID, CURRICULUM_ID, SUBTOPIC_ID) VALUES (201, 100, 1000);
INSERT INTO CURRICULUM_SUBTOPIC (ID, CURRICULUM_ID, SUBTOPIC_ID) VALUES (202, 101, 1000);
INSERT INTO CURRICULUM_SUBTOPIC (ID, CURRICULUM_ID, SUBTOPIC_ID) VALUES (203, 102, 1000);
INSERT INTO CURRICULUM_SUBTOPIC (ID, CURRICULUM_ID, SUBTOPIC_ID) VALUES (204, 103, 1000);
INSERT INTO CURRICULUM_SUBTOPIC (ID, CURRICULUM_ID, SUBTOPIC_ID) VALUES (205, 104, 1000);

INSERT INTO CURRICULUM_SUBTOPIC (ID, CURRICULUM_ID, SUBTOPIC_ID) VALUES (206, 105, 1000);
INSERT INTO CURRICULUM_SUBTOPIC (ID, CURRICULUM_ID, SUBTOPIC_ID) VALUES (207, 106, 1000);
INSERT INTO CURRICULUM_SUBTOPIC (ID, CURRICULUM_ID, SUBTOPIC_ID) VALUES (208, 107, 1000);
INSERT INTO CURRICULUM_SUBTOPIC (ID, CURRICULUM_ID, SUBTOPIC_ID) VALUES (209, 108, 1000);
INSERT INTO CURRICULUM_SUBTOPIC (ID, CURRICULUM_ID, SUBTOPIC_ID) VALUES (210, 109, 1000);
INSERT INTO CURRICULUM_SUBTOPIC (ID, CURRICULUM_ID, SUBTOPIC_ID) VALUES (211, 110, 1000);

INSERT INTO CURRICULUM_SUBTOPIC (ID, CURRICULUM_ID, SUBTOPIC_ID) VALUES (212, 111, 1000);
INSERT INTO CURRICULUM_SUBTOPIC (ID, CURRICULUM_ID, SUBTOPIC_ID) VALUES (213, 112, 1000);
INSERT INTO CURRICULUM_SUBTOPIC (ID, CURRICULUM_ID, SUBTOPIC_ID) VALUES (214, 113, 1000);
INSERT INTO CURRICULUM_SUBTOPIC (ID, CURRICULUM_ID, SUBTOPIC_ID) VALUES (215, 114, 1000);
INSERT INTO CURRICULUM_SUBTOPIC (ID, CURRICULUM_ID, SUBTOPIC_ID) VALUES (216, 115, 1000);

INSERT INTO CURRICULUM_SUBTOPIC (ID, CURRICULUM_ID, SUBTOPIC_ID) VALUES (217, 116, 1000);
INSERT INTO CURRICULUM_SUBTOPIC (ID, CURRICULUM_ID, SUBTOPIC_ID) VALUES (218, 117, 1000);
INSERT INTO CURRICULUM_SUBTOPIC (ID, CURRICULUM_ID, SUBTOPIC_ID) VALUES (219, 118, 1000);
INSERT INTO CURRICULUM_SUBTOPIC (ID, CURRICULUM_ID, SUBTOPIC_ID) VALUES (220, 119, 1000);
INSERT INTO CURRICULUM_SUBTOPIC (ID, CURRICULUM_ID, SUBTOPIC_ID) VALUES (221, 120, 1000);


/* Curriculum_Subtopic learning 'OOP'
    1001 - OOP
*/
INSERT INTO CURRICULUM_SUBTOPIC (ID, CURRICULUM_ID, SUBTOPIC_ID) VALUES (222, 100, 1001);
INSERT INTO CURRICULUM_SUBTOPIC (ID, CURRICULUM_ID, SUBTOPIC_ID) VALUES (223, 101, 1001);
INSERT INTO CURRICULUM_SUBTOPIC (ID, CURRICULUM_ID, SUBTOPIC_ID) VALUES (224, 102, 1001);
INSERT INTO CURRICULUM_SUBTOPIC (ID, CURRICULUM_ID, SUBTOPIC_ID) VALUES (225, 103, 1001);
INSERT INTO CURRICULUM_SUBTOPIC (ID, CURRICULUM_ID, SUBTOPIC_ID) VALUES (226, 104, 1001);

INSERT INTO CURRICULUM_SUBTOPIC (ID, CURRICULUM_ID, SUBTOPIC_ID) VALUES (227, 105, 1001);
INSERT INTO CURRICULUM_SUBTOPIC (ID, CURRICULUM_ID, SUBTOPIC_ID) VALUES (228, 106, 1001);
INSERT INTO CURRICULUM_SUBTOPIC (ID, CURRICULUM_ID, SUBTOPIC_ID) VALUES (229, 107, 1001);
INSERT INTO CURRICULUM_SUBTOPIC (ID, CURRICULUM_ID, SUBTOPIC_ID) VALUES (230, 108, 1001);
INSERT INTO CURRICULUM_SUBTOPIC (ID, CURRICULUM_ID, SUBTOPIC_ID) VALUES (231, 109, 1001);
INSERT INTO CURRICULUM_SUBTOPIC (ID, CURRICULUM_ID, SUBTOPIC_ID) VALUES (232, 110, 1001);

INSERT INTO CURRICULUM_SUBTOPIC (ID, CURRICULUM_ID, SUBTOPIC_ID) VALUES (233, 111, 1001);
INSERT INTO CURRICULUM_SUBTOPIC (ID, CURRICULUM_ID, SUBTOPIC_ID) VALUES (234, 112, 1001);
INSERT INTO CURRICULUM_SUBTOPIC (ID, CURRICULUM_ID, SUBTOPIC_ID) VALUES (235, 113, 1001);
INSERT INTO CURRICULUM_SUBTOPIC (ID, CURRICULUM_ID, SUBTOPIC_ID) VALUES (236, 114, 1001);
INSERT INTO CURRICULUM_SUBTOPIC (ID, CURRICULUM_ID, SUBTOPIC_ID) VALUES (237, 115, 1001);

INSERT INTO CURRICULUM_SUBTOPIC (ID, CURRICULUM_ID, SUBTOPIC_ID) VALUES (238, 116, 1001);
INSERT INTO CURRICULUM_SUBTOPIC (ID, CURRICULUM_ID, SUBTOPIC_ID) VALUES (239, 117, 1001);
INSERT INTO CURRICULUM_SUBTOPIC (ID, CURRICULUM_ID, SUBTOPIC_ID) VALUES (240, 118, 1001);
INSERT INTO CURRICULUM_SUBTOPIC (ID, CURRICULUM_ID, SUBTOPIC_ID) VALUES (241, 119, 1001);
INSERT INTO CURRICULUM_SUBTOPIC (ID, CURRICULUM_ID, SUBTOPIC_ID) VALUES (242, 120, 1001);


/* Curriculum Subtopic learning 'Select Queries' 
    1002 - Inheritance
*/
INSERT INTO CURRICULUM_SUBTOPIC (ID, CURRICULUM_ID, SUBTOPIC_ID) VALUES (243, 100, 1002);
INSERT INTO CURRICULUM_SUBTOPIC (ID, CURRICULUM_ID, SUBTOPIC_ID) VALUES (244, 101, 1002);
INSERT INTO CURRICULUM_SUBTOPIC (ID, CURRICULUM_ID, SUBTOPIC_ID) VALUES (245, 102, 1002);
INSERT INTO CURRICULUM_SUBTOPIC (ID, CURRICULUM_ID, SUBTOPIC_ID) VALUES (246, 103, 1002);
INSERT INTO CURRICULUM_SUBTOPIC (ID, CURRICULUM_ID, SUBTOPIC_ID) VALUES (247, 104, 1002);

INSERT INTO CURRICULUM_SUBTOPIC (ID, CURRICULUM_ID, SUBTOPIC_ID) VALUES (248, 105, 1002);
INSERT INTO CURRICULUM_SUBTOPIC (ID, CURRICULUM_ID, SUBTOPIC_ID) VALUES (249, 106, 1002);
INSERT INTO CURRICULUM_SUBTOPIC (ID, CURRICULUM_ID, SUBTOPIC_ID) VALUES (250, 107, 1002);
INSERT INTO CURRICULUM_SUBTOPIC (ID, CURRICULUM_ID, SUBTOPIC_ID) VALUES (251, 108, 1002);
INSERT INTO CURRICULUM_SUBTOPIC (ID, CURRICULUM_ID, SUBTOPIC_ID) VALUES (252, 109, 1002);
INSERT INTO CURRICULUM_SUBTOPIC (ID, CURRICULUM_ID, SUBTOPIC_ID) VALUES (253, 110, 1002);

INSERT INTO CURRICULUM_SUBTOPIC (ID, CURRICULUM_ID, SUBTOPIC_ID) VALUES (254, 111, 1002);
INSERT INTO CURRICULUM_SUBTOPIC (ID, CURRICULUM_ID, SUBTOPIC_ID) VALUES (255, 112, 1002);
INSERT INTO CURRICULUM_SUBTOPIC (ID, CURRICULUM_ID, SUBTOPIC_ID) VALUES (256, 113, 1002);
INSERT INTO CURRICULUM_SUBTOPIC (ID, CURRICULUM_ID, SUBTOPIC_ID) VALUES (257, 114, 1002);
INSERT INTO CURRICULUM_SUBTOPIC (ID, CURRICULUM_ID, SUBTOPIC_ID) VALUES (258, 115, 1002);

INSERT INTO CURRICULUM_SUBTOPIC (ID, CURRICULUM_ID, SUBTOPIC_ID) VALUES (259, 116, 1002);
INSERT INTO CURRICULUM_SUBTOPIC (ID, CURRICULUM_ID, SUBTOPIC_ID) VALUES (260, 117, 1002);
INSERT INTO CURRICULUM_SUBTOPIC (ID, CURRICULUM_ID, SUBTOPIC_ID) VALUES (261, 118, 1002);
INSERT INTO CURRICULUM_SUBTOPIC (ID, CURRICULUM_ID, SUBTOPIC_ID) VALUES (262, 119, 1002);
INSERT INTO CURRICULUM_SUBTOPIC (ID, CURRICULUM_ID, SUBTOPIC_ID) VALUES (263, 120, 1002);

/* Curriculum Subtopic learning 'Joins' 
    1003 - Select Queries
*/
INSERT INTO CURRICULUM_SUBTOPIC (ID, CURRICULUM_ID, SUBTOPIC_ID) VALUES (264, 100, 1003);
INSERT INTO CURRICULUM_SUBTOPIC (ID, CURRICULUM_ID, SUBTOPIC_ID) VALUES (265, 101, 1003);
INSERT INTO CURRICULUM_SUBTOPIC (ID, CURRICULUM_ID, SUBTOPIC_ID) VALUES (266, 102, 1003);
INSERT INTO CURRICULUM_SUBTOPIC (ID, CURRICULUM_ID, SUBTOPIC_ID) VALUES (267, 103, 1003);
INSERT INTO CURRICULUM_SUBTOPIC (ID, CURRICULUM_ID, SUBTOPIC_ID) VALUES (268, 104, 1003);

INSERT INTO CURRICULUM_SUBTOPIC (ID, CURRICULUM_ID, SUBTOPIC_ID) VALUES (269, 105, 1003);
INSERT INTO CURRICULUM_SUBTOPIC (ID, CURRICULUM_ID, SUBTOPIC_ID) VALUES (270, 106, 1003);
INSERT INTO CURRICULUM_SUBTOPIC (ID, CURRICULUM_ID, SUBTOPIC_ID) VALUES (271, 107, 1003);
INSERT INTO CURRICULUM_SUBTOPIC (ID, CURRICULUM_ID, SUBTOPIC_ID) VALUES (272, 108, 1003);
INSERT INTO CURRICULUM_SUBTOPIC (ID, CURRICULUM_ID, SUBTOPIC_ID) VALUES (273, 109, 1003);
INSERT INTO CURRICULUM_SUBTOPIC (ID, CURRICULUM_ID, SUBTOPIC_ID) VALUES (274, 110, 1003);

INSERT INTO CURRICULUM_SUBTOPIC (ID, CURRICULUM_ID, SUBTOPIC_ID) VALUES (275, 111, 1003);
INSERT INTO CURRICULUM_SUBTOPIC (ID, CURRICULUM_ID, SUBTOPIC_ID) VALUES (276, 112, 1003);
INSERT INTO CURRICULUM_SUBTOPIC (ID, CURRICULUM_ID, SUBTOPIC_ID) VALUES (277, 113, 1003);
INSERT INTO CURRICULUM_SUBTOPIC (ID, CURRICULUM_ID, SUBTOPIC_ID) VALUES (278, 114, 1003);
INSERT INTO CURRICULUM_SUBTOPIC (ID, CURRICULUM_ID, SUBTOPIC_ID) VALUES (279, 115, 1003);

INSERT INTO CURRICULUM_SUBTOPIC (ID, CURRICULUM_ID, SUBTOPIC_ID) VALUES (280, 116, 1003);
INSERT INTO CURRICULUM_SUBTOPIC (ID, CURRICULUM_ID, SUBTOPIC_ID) VALUES (281, 117, 1003);
INSERT INTO CURRICULUM_SUBTOPIC (ID, CURRICULUM_ID, SUBTOPIC_ID) VALUES (282, 118, 1003);
INSERT INTO CURRICULUM_SUBTOPIC (ID, CURRICULUM_ID, SUBTOPIC_ID) VALUES (283, 119, 1003);
INSERT INTO CURRICULUM_SUBTOPIC (ID, CURRICULUM_ID, SUBTOPIC_ID) VALUES (284, 120, 1003);

/*
Curriculum Subtopic learning 'Joins' 
    1004 - Joins
*/
INSERT INTO CURRICULUM_SUBTOPIC (ID, CURRICULUM_ID, SUBTOPIC_ID) VALUES (285, 100, 1004);
INSERT INTO CURRICULUM_SUBTOPIC (ID, CURRICULUM_ID, SUBTOPIC_ID) VALUES (286, 101, 1004);
INSERT INTO CURRICULUM_SUBTOPIC (ID, CURRICULUM_ID, SUBTOPIC_ID) VALUES (287, 102, 1004);
INSERT INTO CURRICULUM_SUBTOPIC (ID, CURRICULUM_ID, SUBTOPIC_ID) VALUES (288, 103, 1004);
INSERT INTO CURRICULUM_SUBTOPIC (ID, CURRICULUM_ID, SUBTOPIC_ID) VALUES (289, 104, 1004);

INSERT INTO CURRICULUM_SUBTOPIC (ID, CURRICULUM_ID, SUBTOPIC_ID) VALUES (290, 105, 1004);
INSERT INTO CURRICULUM_SUBTOPIC (ID, CURRICULUM_ID, SUBTOPIC_ID) VALUES (291, 106, 1004);
INSERT INTO CURRICULUM_SUBTOPIC (ID, CURRICULUM_ID, SUBTOPIC_ID) VALUES (292, 107, 1004);
INSERT INTO CURRICULUM_SUBTOPIC (ID, CURRICULUM_ID, SUBTOPIC_ID) VALUES (293, 108, 1004);
INSERT INTO CURRICULUM_SUBTOPIC (ID, CURRICULUM_ID, SUBTOPIC_ID) VALUES (294, 109, 1004);
INSERT INTO CURRICULUM_SUBTOPIC (ID, CURRICULUM_ID, SUBTOPIC_ID) VALUES (295, 110, 1004);

INSERT INTO CURRICULUM_SUBTOPIC (ID, CURRICULUM_ID, SUBTOPIC_ID) VALUES (296, 111, 1004);
INSERT INTO CURRICULUM_SUBTOPIC (ID, CURRICULUM_ID, SUBTOPIC_ID) VALUES (297, 112, 1004);
INSERT INTO CURRICULUM_SUBTOPIC (ID, CURRICULUM_ID, SUBTOPIC_ID) VALUES (298, 113, 1004);
INSERT INTO CURRICULUM_SUBTOPIC (ID, CURRICULUM_ID, SUBTOPIC_ID) VALUES (299, 114, 1004);
INSERT INTO CURRICULUM_SUBTOPIC (ID, CURRICULUM_ID, SUBTOPIC_ID) VALUES (300, 115, 1004);

INSERT INTO CURRICULUM_SUBTOPIC (ID, CURRICULUM_ID, SUBTOPIC_ID) VALUES (301, 116, 1004);
INSERT INTO CURRICULUM_SUBTOPIC (ID, CURRICULUM_ID, SUBTOPIC_ID) VALUES (302, 117, 1004);
INSERT INTO CURRICULUM_SUBTOPIC (ID, CURRICULUM_ID, SUBTOPIC_ID) VALUES (303, 118, 1004);
INSERT INTO CURRICULUM_SUBTOPIC (ID, CURRICULUM_ID, SUBTOPIC_ID) VALUES (304, 119, 1004);
INSERT INTO CURRICULUM_SUBTOPIC (ID, CURRICULUM_ID, SUBTOPIC_ID) VALUES (305, 120, 1004);

/* 
Curriculum Subtopic learning 'Polymorphism' 
    1005 - Polymorphism
*/
INSERT INTO CURRICULUM_SUBTOPIC (ID, CURRICULUM_ID, SUBTOPIC_ID) VALUES (306, 100, 1005);
INSERT INTO CURRICULUM_SUBTOPIC (ID, CURRICULUM_ID, SUBTOPIC_ID) VALUES (307, 101, 1005);
INSERT INTO CURRICULUM_SUBTOPIC (ID, CURRICULUM_ID, SUBTOPIC_ID) VALUES (308, 102, 1005);
INSERT INTO CURRICULUM_SUBTOPIC (ID, CURRICULUM_ID, SUBTOPIC_ID) VALUES (309, 103, 1005);
INSERT INTO CURRICULUM_SUBTOPIC (ID, CURRICULUM_ID, SUBTOPIC_ID) VALUES (310, 104, 1005);

INSERT INTO CURRICULUM_SUBTOPIC (ID, CURRICULUM_ID, SUBTOPIC_ID) VALUES (311, 105, 1005);
INSERT INTO CURRICULUM_SUBTOPIC (ID, CURRICULUM_ID, SUBTOPIC_ID) VALUES (312, 106, 1005);
INSERT INTO CURRICULUM_SUBTOPIC (ID, CURRICULUM_ID, SUBTOPIC_ID) VALUES (313, 107, 1005);
INSERT INTO CURRICULUM_SUBTOPIC (ID, CURRICULUM_ID, SUBTOPIC_ID) VALUES (314, 108, 1005);
INSERT INTO CURRICULUM_SUBTOPIC (ID, CURRICULUM_ID, SUBTOPIC_ID) VALUES (315, 109, 1005);
INSERT INTO CURRICULUM_SUBTOPIC (ID, CURRICULUM_ID, SUBTOPIC_ID) VALUES (316, 110, 1005);

INSERT INTO CURRICULUM_SUBTOPIC (ID, CURRICULUM_ID, SUBTOPIC_ID) VALUES (317, 111, 1005);
INSERT INTO CURRICULUM_SUBTOPIC (ID, CURRICULUM_ID, SUBTOPIC_ID) VALUES (318, 112, 1005);
INSERT INTO CURRICULUM_SUBTOPIC (ID, CURRICULUM_ID, SUBTOPIC_ID) VALUES (319, 113, 1005);
INSERT INTO CURRICULUM_SUBTOPIC (ID, CURRICULUM_ID, SUBTOPIC_ID) VALUES (320, 114, 1005);
INSERT INTO CURRICULUM_SUBTOPIC (ID, CURRICULUM_ID, SUBTOPIC_ID) VALUES (321, 115, 1005);

INSERT INTO CURRICULUM_SUBTOPIC (ID, CURRICULUM_ID, SUBTOPIC_ID) VALUES (322, 116, 1005);
INSERT INTO CURRICULUM_SUBTOPIC (ID, CURRICULUM_ID, SUBTOPIC_ID) VALUES (323, 117, 1005);
INSERT INTO CURRICULUM_SUBTOPIC (ID, CURRICULUM_ID, SUBTOPIC_ID) VALUES (324, 118, 1005);
INSERT INTO CURRICULUM_SUBTOPIC (ID, CURRICULUM_ID, SUBTOPIC_ID) VALUES (325, 119, 1005);
INSERT INTO CURRICULUM_SUBTOPIC (ID, CURRICULUM_ID, SUBTOPIC_ID) VALUES (326, 120, 1005);

/*
Curriculum Subtopic learning 'Abstraction' 
    1006 - Abstraction
*/
INSERT INTO CURRICULUM_SUBTOPIC (ID, CURRICULUM_ID, SUBTOPIC_ID) VALUES (327, 100, 1006);
INSERT INTO CURRICULUM_SUBTOPIC (ID, CURRICULUM_ID, SUBTOPIC_ID) VALUES (328, 101, 1006);
INSERT INTO CURRICULUM_SUBTOPIC (ID, CURRICULUM_ID, SUBTOPIC_ID) VALUES (329, 102, 1006);
INSERT INTO CURRICULUM_SUBTOPIC (ID, CURRICULUM_ID, SUBTOPIC_ID) VALUES (330, 103, 1006);
INSERT INTO CURRICULUM_SUBTOPIC (ID, CURRICULUM_ID, SUBTOPIC_ID) VALUES (331, 104, 1006);

INSERT INTO CURRICULUM_SUBTOPIC (ID, CURRICULUM_ID, SUBTOPIC_ID) VALUES (332, 105, 1006);
INSERT INTO CURRICULUM_SUBTOPIC (ID, CURRICULUM_ID, SUBTOPIC_ID) VALUES (333, 106, 1006);
INSERT INTO CURRICULUM_SUBTOPIC (ID, CURRICULUM_ID, SUBTOPIC_ID) VALUES (334, 107, 1006);
INSERT INTO CURRICULUM_SUBTOPIC (ID, CURRICULUM_ID, SUBTOPIC_ID) VALUES (335, 108, 1006);
INSERT INTO CURRICULUM_SUBTOPIC (ID, CURRICULUM_ID, SUBTOPIC_ID) VALUES (336, 109, 1006);
INSERT INTO CURRICULUM_SUBTOPIC (ID, CURRICULUM_ID, SUBTOPIC_ID) VALUES (337, 110, 1006);

INSERT INTO CURRICULUM_SUBTOPIC (ID, CURRICULUM_ID, SUBTOPIC_ID) VALUES (338, 111, 1006);
INSERT INTO CURRICULUM_SUBTOPIC (ID, CURRICULUM_ID, SUBTOPIC_ID) VALUES (339, 112, 1006);
INSERT INTO CURRICULUM_SUBTOPIC (ID, CURRICULUM_ID, SUBTOPIC_ID) VALUES (340, 113, 1006);
INSERT INTO CURRICULUM_SUBTOPIC (ID, CURRICULUM_ID, SUBTOPIC_ID) VALUES (341, 114, 1006);
INSERT INTO CURRICULUM_SUBTOPIC (ID, CURRICULUM_ID, SUBTOPIC_ID) VALUES (342, 115, 1006);

INSERT INTO CURRICULUM_SUBTOPIC (ID, CURRICULUM_ID, SUBTOPIC_ID) VALUES (343, 116, 1006);
INSERT INTO CURRICULUM_SUBTOPIC (ID, CURRICULUM_ID, SUBTOPIC_ID) VALUES (344, 117, 1006);
INSERT INTO CURRICULUM_SUBTOPIC (ID, CURRICULUM_ID, SUBTOPIC_ID) VALUES (345, 118, 1006);
INSERT INTO CURRICULUM_SUBTOPIC (ID, CURRICULUM_ID, SUBTOPIC_ID) VALUES (346, 119, 1006);
INSERT INTO CURRICULUM_SUBTOPIC (ID, CURRICULUM_ID, SUBTOPIC_ID) VALUES (347, 120, 1006);

/*
Curriculum Subtopic learning 'Constraints' 
    1007 - Constraints
*/
INSERT INTO CURRICULUM_SUBTOPIC (ID, CURRICULUM_ID, SUBTOPIC_ID) VALUES (348, 100, 1007);
INSERT INTO CURRICULUM_SUBTOPIC (ID, CURRICULUM_ID, SUBTOPIC_ID) VALUES (349, 101, 1007);
INSERT INTO CURRICULUM_SUBTOPIC (ID, CURRICULUM_ID, SUBTOPIC_ID) VALUES (350, 102, 1007);
INSERT INTO CURRICULUM_SUBTOPIC (ID, CURRICULUM_ID, SUBTOPIC_ID) VALUES (351, 103, 1007);
INSERT INTO CURRICULUM_SUBTOPIC (ID, CURRICULUM_ID, SUBTOPIC_ID) VALUES (352, 104, 1007);

INSERT INTO CURRICULUM_SUBTOPIC (ID, CURRICULUM_ID, SUBTOPIC_ID) VALUES (353, 105, 1007);
INSERT INTO CURRICULUM_SUBTOPIC (ID, CURRICULUM_ID, SUBTOPIC_ID) VALUES (354, 106, 1007);
INSERT INTO CURRICULUM_SUBTOPIC (ID, CURRICULUM_ID, SUBTOPIC_ID) VALUES (355, 107, 1007);
INSERT INTO CURRICULUM_SUBTOPIC (ID, CURRICULUM_ID, SUBTOPIC_ID) VALUES (356, 108, 1007);
INSERT INTO CURRICULUM_SUBTOPIC (ID, CURRICULUM_ID, SUBTOPIC_ID) VALUES (357, 109, 1007);
INSERT INTO CURRICULUM_SUBTOPIC (ID, CURRICULUM_ID, SUBTOPIC_ID) VALUES (358, 110, 1007);

INSERT INTO CURRICULUM_SUBTOPIC (ID, CURRICULUM_ID, SUBTOPIC_ID) VALUES (359, 111, 1007);
INSERT INTO CURRICULUM_SUBTOPIC (ID, CURRICULUM_ID, SUBTOPIC_ID) VALUES (360, 112, 1007);
INSERT INTO CURRICULUM_SUBTOPIC (ID, CURRICULUM_ID, SUBTOPIC_ID) VALUES (361, 113, 1007);
INSERT INTO CURRICULUM_SUBTOPIC (ID, CURRICULUM_ID, SUBTOPIC_ID) VALUES (362, 114, 1007);
INSERT INTO CURRICULUM_SUBTOPIC (ID, CURRICULUM_ID, SUBTOPIC_ID) VALUES (363, 115, 1007);

INSERT INTO CURRICULUM_SUBTOPIC (ID, CURRICULUM_ID, SUBTOPIC_ID) VALUES (364, 116, 1007);
INSERT INTO CURRICULUM_SUBTOPIC (ID, CURRICULUM_ID, SUBTOPIC_ID) VALUES (365, 117, 1007);
INSERT INTO CURRICULUM_SUBTOPIC (ID, CURRICULUM_ID, SUBTOPIC_ID) VALUES (366, 118, 1007);
INSERT INTO CURRICULUM_SUBTOPIC (ID, CURRICULUM_ID, SUBTOPIC_ID) VALUES (367, 119, 1007);
INSERT INTO CURRICULUM_SUBTOPIC (ID, CURRICULUM_ID, SUBTOPIC_ID) VALUES (368, 120, 1007);

/*
Curriculum Subtopic learning 'Functions' 
    1008 - Functions
*/
INSERT INTO CURRICULUM_SUBTOPIC (ID, CURRICULUM_ID, SUBTOPIC_ID) VALUES (369, 100, 1008);
INSERT INTO CURRICULUM_SUBTOPIC (ID, CURRICULUM_ID, SUBTOPIC_ID) VALUES (370, 101, 1008);
INSERT INTO CURRICULUM_SUBTOPIC (ID, CURRICULUM_ID, SUBTOPIC_ID) VALUES (371, 102, 1008);
INSERT INTO CURRICULUM_SUBTOPIC (ID, CURRICULUM_ID, SUBTOPIC_ID) VALUES (372, 103, 1008);
INSERT INTO CURRICULUM_SUBTOPIC (ID, CURRICULUM_ID, SUBTOPIC_ID) VALUES (373, 104, 1008);

INSERT INTO CURRICULUM_SUBTOPIC (ID, CURRICULUM_ID, SUBTOPIC_ID) VALUES (374, 105, 1008);
INSERT INTO CURRICULUM_SUBTOPIC (ID, CURRICULUM_ID, SUBTOPIC_ID) VALUES (375, 106, 1008);
INSERT INTO CURRICULUM_SUBTOPIC (ID, CURRICULUM_ID, SUBTOPIC_ID) VALUES (376, 107, 1008);
INSERT INTO CURRICULUM_SUBTOPIC (ID, CURRICULUM_ID, SUBTOPIC_ID) VALUES (377, 108, 1008);
INSERT INTO CURRICULUM_SUBTOPIC (ID, CURRICULUM_ID, SUBTOPIC_ID) VALUES (378, 109, 1008);
INSERT INTO CURRICULUM_SUBTOPIC (ID, CURRICULUM_ID, SUBTOPIC_ID) VALUES (379, 110, 1008);

INSERT INTO CURRICULUM_SUBTOPIC (ID, CURRICULUM_ID, SUBTOPIC_ID) VALUES (380, 111, 1008);
INSERT INTO CURRICULUM_SUBTOPIC (ID, CURRICULUM_ID, SUBTOPIC_ID) VALUES (381, 112, 1008);
INSERT INTO CURRICULUM_SUBTOPIC (ID, CURRICULUM_ID, SUBTOPIC_ID) VALUES (382, 113, 1008);
INSERT INTO CURRICULUM_SUBTOPIC (ID, CURRICULUM_ID, SUBTOPIC_ID) VALUES (383, 114, 1008);
INSERT INTO CURRICULUM_SUBTOPIC (ID, CURRICULUM_ID, SUBTOPIC_ID) VALUES (384, 115, 1008);

INSERT INTO CURRICULUM_SUBTOPIC (ID, CURRICULUM_ID, SUBTOPIC_ID) VALUES (385, 116, 1008);
INSERT INTO CURRICULUM_SUBTOPIC (ID, CURRICULUM_ID, SUBTOPIC_ID) VALUES (386, 117, 1008);
INSERT INTO CURRICULUM_SUBTOPIC (ID, CURRICULUM_ID, SUBTOPIC_ID) VALUES (387, 118, 1008);
INSERT INTO CURRICULUM_SUBTOPIC (ID, CURRICULUM_ID, SUBTOPIC_ID) VALUES (388, 119, 1008);
INSERT INTO CURRICULUM_SUBTOPIC (ID, CURRICULUM_ID, SUBTOPIC_ID) VALUES (389, 120, 1008);

/*
Curriculum Subtopic learning 'Procedures' 
    1009 - Procedures
*/
INSERT INTO CURRICULUM_SUBTOPIC (ID, CURRICULUM_ID, SUBTOPIC_ID) VALUES (390, 100, 1009);
INSERT INTO CURRICULUM_SUBTOPIC (ID, CURRICULUM_ID, SUBTOPIC_ID) VALUES (391, 101, 1009);
INSERT INTO CURRICULUM_SUBTOPIC (ID, CURRICULUM_ID, SUBTOPIC_ID) VALUES (392, 102, 1009);
INSERT INTO CURRICULUM_SUBTOPIC (ID, CURRICULUM_ID, SUBTOPIC_ID) VALUES (393, 103, 1009);
INSERT INTO CURRICULUM_SUBTOPIC (ID, CURRICULUM_ID, SUBTOPIC_ID) VALUES (394, 104, 1009);

INSERT INTO CURRICULUM_SUBTOPIC (ID, CURRICULUM_ID, SUBTOPIC_ID) VALUES (395, 105, 1009);
INSERT INTO CURRICULUM_SUBTOPIC (ID, CURRICULUM_ID, SUBTOPIC_ID) VALUES (396, 106, 1009);
INSERT INTO CURRICULUM_SUBTOPIC (ID, CURRICULUM_ID, SUBTOPIC_ID) VALUES (397, 107, 1009);
INSERT INTO CURRICULUM_SUBTOPIC (ID, CURRICULUM_ID, SUBTOPIC_ID) VALUES (398, 108, 1009);
INSERT INTO CURRICULUM_SUBTOPIC (ID, CURRICULUM_ID, SUBTOPIC_ID) VALUES (399, 109, 1009);
INSERT INTO CURRICULUM_SUBTOPIC (ID, CURRICULUM_ID, SUBTOPIC_ID) VALUES (400, 110, 1009);

INSERT INTO CURRICULUM_SUBTOPIC (ID, CURRICULUM_ID, SUBTOPIC_ID) VALUES (401, 111, 1009);
INSERT INTO CURRICULUM_SUBTOPIC (ID, CURRICULUM_ID, SUBTOPIC_ID) VALUES (402, 112, 1009);
INSERT INTO CURRICULUM_SUBTOPIC (ID, CURRICULUM_ID, SUBTOPIC_ID) VALUES (403, 113, 1009);
INSERT INTO CURRICULUM_SUBTOPIC (ID, CURRICULUM_ID, SUBTOPIC_ID) VALUES (404, 114, 1009);
INSERT INTO CURRICULUM_SUBTOPIC (ID, CURRICULUM_ID, SUBTOPIC_ID) VALUES (405, 115, 1009);

INSERT INTO CURRICULUM_SUBTOPIC (ID, CURRICULUM_ID, SUBTOPIC_ID) VALUES (406, 116, 1009);
INSERT INTO CURRICULUM_SUBTOPIC (ID, CURRICULUM_ID, SUBTOPIC_ID) VALUES (407, 117, 1009);
INSERT INTO CURRICULUM_SUBTOPIC (ID, CURRICULUM_ID, SUBTOPIC_ID) VALUES (408, 118, 1009);
INSERT INTO CURRICULUM_SUBTOPIC (ID, CURRICULUM_ID, SUBTOPIC_ID) VALUES (409, 119, 1009);
INSERT INTO CURRICULUM_SUBTOPIC (ID, CURRICULUM_ID, SUBTOPIC_ID) VALUES (410, 120, 1009);

/*
Curriculum Subtopic learning 'Static/Final Keyword' 
    1010 - Static/Final Keyword
*/
INSERT INTO CURRICULUM_SUBTOPIC (ID, CURRICULUM_ID, SUBTOPIC_ID) VALUES (411, 100, 1010);
INSERT INTO CURRICULUM_SUBTOPIC (ID, CURRICULUM_ID, SUBTOPIC_ID) VALUES (412, 101, 1010);
INSERT INTO CURRICULUM_SUBTOPIC (ID, CURRICULUM_ID, SUBTOPIC_ID) VALUES (413, 102, 1010);
INSERT INTO CURRICULUM_SUBTOPIC (ID, CURRICULUM_ID, SUBTOPIC_ID) VALUES (414, 103, 1010);
INSERT INTO CURRICULUM_SUBTOPIC (ID, CURRICULUM_ID, SUBTOPIC_ID) VALUES (415, 104, 1010);

INSERT INTO CURRICULUM_SUBTOPIC (ID, CURRICULUM_ID, SUBTOPIC_ID) VALUES (416, 105, 1010);
INSERT INTO CURRICULUM_SUBTOPIC (ID, CURRICULUM_ID, SUBTOPIC_ID) VALUES (417, 106, 1010);
INSERT INTO CURRICULUM_SUBTOPIC (ID, CURRICULUM_ID, SUBTOPIC_ID) VALUES (418, 107, 1010);
INSERT INTO CURRICULUM_SUBTOPIC (ID, CURRICULUM_ID, SUBTOPIC_ID) VALUES (419, 108, 1010);
INSERT INTO CURRICULUM_SUBTOPIC (ID, CURRICULUM_ID, SUBTOPIC_ID) VALUES (420, 109, 1010);
INSERT INTO CURRICULUM_SUBTOPIC (ID, CURRICULUM_ID, SUBTOPIC_ID) VALUES (421, 110, 1010);

INSERT INTO CURRICULUM_SUBTOPIC (ID, CURRICULUM_ID, SUBTOPIC_ID) VALUES (422, 111, 1010);
INSERT INTO CURRICULUM_SUBTOPIC (ID, CURRICULUM_ID, SUBTOPIC_ID) VALUES (423, 112, 1010);
INSERT INTO CURRICULUM_SUBTOPIC (ID, CURRICULUM_ID, SUBTOPIC_ID) VALUES (424, 113, 1010);
INSERT INTO CURRICULUM_SUBTOPIC (ID, CURRICULUM_ID, SUBTOPIC_ID) VALUES (425, 114, 1010);
INSERT INTO CURRICULUM_SUBTOPIC (ID, CURRICULUM_ID, SUBTOPIC_ID) VALUES (426, 115, 1010);

INSERT INTO CURRICULUM_SUBTOPIC (ID, CURRICULUM_ID, SUBTOPIC_ID) VALUES (427, 116, 1010);
INSERT INTO CURRICULUM_SUBTOPIC (ID, CURRICULUM_ID, SUBTOPIC_ID) VALUES (428, 117, 1010);
INSERT INTO CURRICULUM_SUBTOPIC (ID, CURRICULUM_ID, SUBTOPIC_ID) VALUES (429, 118, 1010);
INSERT INTO CURRICULUM_SUBTOPIC (ID, CURRICULUM_ID, SUBTOPIC_ID) VALUES (430, 119, 1010);
INSERT INTO CURRICULUM_SUBTOPIC (ID, CURRICULUM_ID, SUBTOPIC_ID) VALUES (431, 120, 1010);

/*
Curriculum Subtopic learning 'Exceptions and Errors' 
    1011 - Exceptions and Errors
*/
INSERT INTO CURRICULUM_SUBTOPIC (ID, CURRICULUM_ID, SUBTOPIC_ID) VALUES (432, 100, 1011);
INSERT INTO CURRICULUM_SUBTOPIC (ID, CURRICULUM_ID, SUBTOPIC_ID) VALUES (433, 101, 1011);
INSERT INTO CURRICULUM_SUBTOPIC (ID, CURRICULUM_ID, SUBTOPIC_ID) VALUES (434, 102, 1011);
INSERT INTO CURRICULUM_SUBTOPIC (ID, CURRICULUM_ID, SUBTOPIC_ID) VALUES (435, 103, 1011);
INSERT INTO CURRICULUM_SUBTOPIC (ID, CURRICULUM_ID, SUBTOPIC_ID) VALUES (436, 104, 1011);

INSERT INTO CURRICULUM_SUBTOPIC (ID, CURRICULUM_ID, SUBTOPIC_ID) VALUES (437, 105, 1011);
INSERT INTO CURRICULUM_SUBTOPIC (ID, CURRICULUM_ID, SUBTOPIC_ID) VALUES (438, 106, 1011);
INSERT INTO CURRICULUM_SUBTOPIC (ID, CURRICULUM_ID, SUBTOPIC_ID) VALUES (439, 107, 1011);
INSERT INTO CURRICULUM_SUBTOPIC (ID, CURRICULUM_ID, SUBTOPIC_ID) VALUES (440, 108, 1011);
INSERT INTO CURRICULUM_SUBTOPIC (ID, CURRICULUM_ID, SUBTOPIC_ID) VALUES (441, 109, 1011);
INSERT INTO CURRICULUM_SUBTOPIC (ID, CURRICULUM_ID, SUBTOPIC_ID) VALUES (442, 110, 1011);

INSERT INTO CURRICULUM_SUBTOPIC (ID, CURRICULUM_ID, SUBTOPIC_ID) VALUES (443, 111, 1011);
INSERT INTO CURRICULUM_SUBTOPIC (ID, CURRICULUM_ID, SUBTOPIC_ID) VALUES (444, 112, 1011);
INSERT INTO CURRICULUM_SUBTOPIC (ID, CURRICULUM_ID, SUBTOPIC_ID) VALUES (445, 113, 1011);
INSERT INTO CURRICULUM_SUBTOPIC (ID, CURRICULUM_ID, SUBTOPIC_ID) VALUES (446, 114, 1011);
INSERT INTO CURRICULUM_SUBTOPIC (ID, CURRICULUM_ID, SUBTOPIC_ID) VALUES (447, 115, 1011);

INSERT INTO CURRICULUM_SUBTOPIC (ID, CURRICULUM_ID, SUBTOPIC_ID) VALUES (448, 116, 1011);
INSERT INTO CURRICULUM_SUBTOPIC (ID, CURRICULUM_ID, SUBTOPIC_ID) VALUES (449, 117, 1011);
INSERT INTO CURRICULUM_SUBTOPIC (ID, CURRICULUM_ID, SUBTOPIC_ID) VALUES (450, 118, 1011);
INSERT INTO CURRICULUM_SUBTOPIC (ID, CURRICULUM_ID, SUBTOPIC_ID) VALUES (451, 119, 1011);
INSERT INTO CURRICULUM_SUBTOPIC (ID, CURRICULUM_ID, SUBTOPIC_ID) VALUES (452, 120, 1011);


/*
Curriculum Subtopic learning 'File Handling' 
    1012 - File Handling
*/
INSERT INTO CURRICULUM_SUBTOPIC (ID, CURRICULUM_ID, SUBTOPIC_ID) VALUES (453, 100, 1012);
INSERT INTO CURRICULUM_SUBTOPIC (ID, CURRICULUM_ID, SUBTOPIC_ID) VALUES (454, 101, 1012);
INSERT INTO CURRICULUM_SUBTOPIC (ID, CURRICULUM_ID, SUBTOPIC_ID) VALUES (455, 102, 1012);
INSERT INTO CURRICULUM_SUBTOPIC (ID, CURRICULUM_ID, SUBTOPIC_ID) VALUES (456, 103, 1012);
INSERT INTO CURRICULUM_SUBTOPIC (ID, CURRICULUM_ID, SUBTOPIC_ID) VALUES (457, 104, 1012);

INSERT INTO CURRICULUM_SUBTOPIC (ID, CURRICULUM_ID, SUBTOPIC_ID) VALUES (458, 105, 1012);
INSERT INTO CURRICULUM_SUBTOPIC (ID, CURRICULUM_ID, SUBTOPIC_ID) VALUES (459, 106, 1012);
INSERT INTO CURRICULUM_SUBTOPIC (ID, CURRICULUM_ID, SUBTOPIC_ID) VALUES (460, 107, 1012);
INSERT INTO CURRICULUM_SUBTOPIC (ID, CURRICULUM_ID, SUBTOPIC_ID) VALUES (461, 108, 1012);
INSERT INTO CURRICULUM_SUBTOPIC (ID, CURRICULUM_ID, SUBTOPIC_ID) VALUES (462, 109, 1012);
INSERT INTO CURRICULUM_SUBTOPIC (ID, CURRICULUM_ID, SUBTOPIC_ID) VALUES (463, 110, 1012);

INSERT INTO CURRICULUM_SUBTOPIC (ID, CURRICULUM_ID, SUBTOPIC_ID) VALUES (464, 111, 1012);
INSERT INTO CURRICULUM_SUBTOPIC (ID, CURRICULUM_ID, SUBTOPIC_ID) VALUES (465, 112, 1012);
INSERT INTO CURRICULUM_SUBTOPIC (ID, CURRICULUM_ID, SUBTOPIC_ID) VALUES (466, 113, 1012);
INSERT INTO CURRICULUM_SUBTOPIC (ID, CURRICULUM_ID, SUBTOPIC_ID) VALUES (467, 114, 1012);
INSERT INTO CURRICULUM_SUBTOPIC (ID, CURRICULUM_ID, SUBTOPIC_ID) VALUES (468, 115, 1012);

INSERT INTO CURRICULUM_SUBTOPIC (ID, CURRICULUM_ID, SUBTOPIC_ID) VALUES (469, 116, 1012);
INSERT INTO CURRICULUM_SUBTOPIC (ID, CURRICULUM_ID, SUBTOPIC_ID) VALUES (470, 117, 1012);
INSERT INTO CURRICULUM_SUBTOPIC (ID, CURRICULUM_ID, SUBTOPIC_ID) VALUES (471, 118, 1012);
INSERT INTO CURRICULUM_SUBTOPIC (ID, CURRICULUM_ID, SUBTOPIC_ID) VALUES (472, 119, 1012);
INSERT INTO CURRICULUM_SUBTOPIC (ID, CURRICULUM_ID, SUBTOPIC_ID) VALUES (473, 120, 1012);


/* Schedule IDs will begin at 600s */
INSERT INTO SCHEDULE (ID, CURRICULUM_ID) VALUES (601, 100);
INSERT INTO SCHEDULE (ID, CURRICULUM_ID) VALUES (602, 101);

INSERT INTO SCHEDULE (ID, CURRICULUM_ID) VALUES (603, 102);
INSERT INTO SCHEDULE (ID, CURRICULUM_ID) VALUES (604, 103);
INSERT INTO SCHEDULE (ID, CURRICULUM_ID) VALUES (605, 104);
INSERT INTO SCHEDULE (ID, CURRICULUM_ID) VALUES (606, 105);

INSERT INTO SCHEDULE (ID, CURRICULUM_ID) VALUES (607, 106);
INSERT INTO SCHEDULE (ID, CURRICULUM_ID) VALUES (608, 107);
INSERT INTO SCHEDULE (ID, CURRICULUM_ID) VALUES (609, 108);
INSERT INTO SCHEDULE (ID, CURRICULUM_ID) VALUES (610, 109);

INSERT INTO SCHEDULE (ID, CURRICULUM_ID) VALUES (611, 110);
INSERT INTO SCHEDULE (ID, CURRICULUM_ID) VALUES (612, 111);
INSERT INTO SCHEDULE (ID, CURRICULUM_ID) VALUES (613, 112);
INSERT INTO SCHEDULE (ID, CURRICULUM_ID) VALUES (614, 113);

INSERT INTO SCHEDULE (ID, CURRICULUM_ID) VALUES (615, 114);
INSERT INTO SCHEDULE (ID, CURRICULUM_ID) VALUES (616, 115);
INSERT INTO SCHEDULE (ID, CURRICULUM_ID) VALUES (617, 116);
INSERT INTO SCHEDULE (ID, CURRICULUM_ID) VALUES (618, 117);

INSERT INTO SCHEDULE (ID, CURRICULUM_ID) VALUES (619, 118);
INSERT INTO SCHEDULE (ID, CURRICULUM_ID) VALUES (620, 119);
INSERT INTO SCHEDULE (ID, CURRICULUM_ID) VALUES (621, 120);

/* Scheule Date ID's will begin at 700s */
/* Week 1, Day 1 is Loops 
   Week 1, Day 2 is OOP
   
   Week 2, Day 1 is Select Queries
   Week 3, Day 2 is Joins
*/
INSERT INTO SCHEDULED_DATE (ID, WEEK, DAY, START_TIME, END_TIME) VALUES (701, 1, 1, TO_TIMESTAMP('02/APR/2018 9:00:00'), TO_TIMESTAMP('02/APR/2018 10:00:00'));
INSERT INTO SCHEDULED_DATE (ID, WEEK, DAY, START_TIME, END_TIME) VALUES (702, 1, 2, TO_TIMESTAMP('03/APR/2018 9:00:00'), TO_TIMESTAMP('03/APR/2018 10:00:00'));
INSERT INTO SCHEDULED_DATE (ID, WEEK, DAY, START_TIME, END_TIME) VALUES (703, 1, 3, TO_TIMESTAMP('09/APR/2018 9:00:00'), TO_TIMESTAMP('09/APR/2018 10:00:00'));       
INSERT INTO SCHEDULED_DATE (ID, WEEK, DAY, START_TIME, END_TIME) VALUES (704, 1, 4, TO_TIMESTAMP('10/APR/2018 9:00:00'), TO_TIMESTAMP('10/APR/2018 10:00:00'));
INSERT INTO SCHEDULED_DATE (ID, WEEK, DAY, START_TIME, END_TIME) VALUES (705, 1, 5, TO_TIMESTAMP('11/APR/2018 10:00:00'), TO_TIMESTAMP('11/APR/2018 12:00:00'));
INSERT INTO SCHEDULED_DATE (ID, WEEK, DAY, START_TIME, END_TIME) VALUES (706, 1, 2, TO_TIMESTAMP('12/APR/2018 10:00:00'), TO_TIMESTAMP('12/APR/2018 12:00:00'));
INSERT INTO SCHEDULED_DATE (ID, WEEK, DAY, START_TIME, END_TIME) VALUES (707, 1, 3, TO_TIMESTAMP('13/APR/2018 10:00:00'), TO_TIMESTAMP('13/APR/2018 12:00:00'));     
INSERT INTO SCHEDULED_DATE (ID, WEEK, DAY, START_TIME, END_TIME) VALUES (708, 2, 1, TO_TIMESTAMP('14/APR/2018 10:00:00'), TO_TIMESTAMP('14/APR/2018 12:00:00'));
INSERT INTO SCHEDULED_DATE (ID, WEEK, DAY, START_TIME, END_TIME) VALUES (709, 2, 2, TO_TIMESTAMP('15/APR/2018 9:00:00'), TO_TIMESTAMP('15/APR/2018 10:00:00'));
INSERT INTO SCHEDULED_DATE (ID, WEEK, DAY, START_TIME, END_TIME) VALUES (710, 2, 3, TO_TIMESTAMP('16/APR/2018 9:00:00'), TO_TIMESTAMP('16/APR/2018 10:00:00'));
INSERT INTO SCHEDULED_DATE (ID, WEEK, DAY, START_TIME, END_TIME) VALUES (711, 2, 4, TO_TIMESTAMP('17/APR/2018 9:00:00'), TO_TIMESTAMP('17/APR/2018 10:00:00'));       
INSERT INTO SCHEDULED_DATE (ID, WEEK, DAY, START_TIME, END_TIME) VALUES (712, 2, 5, TO_TIMESTAMP('18/APR/2018 9:00:00'), TO_TIMESTAMP('18/APR/2018 10:00:00'));
INSERT INTO SCHEDULED_DATE (ID, WEEK, DAY, START_TIME, END_TIME) VALUES (713, 2, 5, TO_TIMESTAMP('19/APR/2018 10:00:00'), TO_TIMESTAMP('19/APR/2018 12:00:00'));

INSERT INTO SCHEDULED_DATE (ID, WEEK, DAY, START_TIME, END_TIME) VALUES (714, 1, 1, TO_TIMESTAMP('02/APR/2018 9:00:00'), TO_TIMESTAMP('02/APR/2018 10:00:00'));
INSERT INTO SCHEDULED_DATE (ID, WEEK, DAY, START_TIME, END_TIME) VALUES (715, 1, 2, TO_TIMESTAMP('03/APR/2018 9:00:00'), TO_TIMESTAMP('03/APR/2018 10:00:00'));
INSERT INTO SCHEDULED_DATE (ID, WEEK, DAY, START_TIME, END_TIME) VALUES (716, 1, 3, TO_TIMESTAMP('09/APR/2018 9:00:00'), TO_TIMESTAMP('09/APR/2018 10:00:00'));       
INSERT INTO SCHEDULED_DATE (ID, WEEK, DAY, START_TIME, END_TIME) VALUES (717, 1, 4, TO_TIMESTAMP('10/APR/2018 10:00:00'), TO_TIMESTAMP('10/APR/2018 12:00:00'));
INSERT INTO SCHEDULED_DATE (ID, WEEK, DAY, START_TIME, END_TIME) VALUES (718, 1, 5, TO_TIMESTAMP('11/APR/2018 10:00:00'), TO_TIMESTAMP('11/APR/2018 12:00:00'));
INSERT INTO SCHEDULED_DATE (ID, WEEK, DAY, START_TIME, END_TIME) VALUES (719, 1, 1, TO_TIMESTAMP('12/APR/2018 10:00:00'), TO_TIMESTAMP('12/APR/2018 12:00:00'));
INSERT INTO SCHEDULED_DATE (ID, WEEK, DAY, START_TIME, END_TIME) VALUES (720, 1, 3, TO_TIMESTAMP('13/APR/2018 10:00:00'), TO_TIMESTAMP('13/APR/2018 12:00:00'));     
INSERT INTO SCHEDULED_DATE (ID, WEEK, DAY, START_TIME, END_TIME) VALUES (721, 2, 1, TO_TIMESTAMP('14/APR/2018 10:00:00'), TO_TIMESTAMP('14/APR/2018 12:00:00'));
INSERT INTO SCHEDULED_DATE (ID, WEEK, DAY, START_TIME, END_TIME) VALUES (722, 2, 2, TO_TIMESTAMP('15/APR/2018 9:00:00'), TO_TIMESTAMP('15/APR/2018 10:00:00'));
INSERT INTO SCHEDULED_DATE (ID, WEEK, DAY, START_TIME, END_TIME) VALUES (723, 2, 3, TO_TIMESTAMP('16/APR/2018 9:00:00'), TO_TIMESTAMP('16/APR/2018 10:00:00'));
INSERT INTO SCHEDULED_DATE (ID, WEEK, DAY, START_TIME, END_TIME) VALUES (724, 2, 4, TO_TIMESTAMP('17/APR/2018 9:00:00'), TO_TIMESTAMP('17/APR/2018 10:00:00'));       
INSERT INTO SCHEDULED_DATE (ID, WEEK, DAY, START_TIME, END_TIME) VALUES (725, 2, 5, TO_TIMESTAMP('18/APR/2018 9:00:00'), TO_TIMESTAMP('18/APR/2018 10:00:00'));
INSERT INTO SCHEDULED_DATE (ID, WEEK, DAY, START_TIME, END_TIME) VALUES (726, 2, 2, TO_TIMESTAMP('19/APR/2018 10:00:00'), TO_TIMESTAMP('19/APR/2018 12:00:00'));

INSERT INTO SCHEDULED_DATE (ID, WEEK, DAY, START_TIME, END_TIME) VALUES (727, 1, 1, TO_TIMESTAMP('02/APR/2018 9:00:00'), TO_TIMESTAMP('02/APR/2018 10:00:00'));
INSERT INTO SCHEDULED_DATE (ID, WEEK, DAY, START_TIME, END_TIME) VALUES (728, 1, 2, TO_TIMESTAMP('03/APR/2018 9:00:00'), TO_TIMESTAMP('03/APR/2018 10:00:00'));
INSERT INTO SCHEDULED_DATE (ID, WEEK, DAY, START_TIME, END_TIME) VALUES (729, 1, 3, TO_TIMESTAMP('09/APR/2018 9:00:00'), TO_TIMESTAMP('09/APR/2018 10:00:00'));       
INSERT INTO SCHEDULED_DATE (ID, WEEK, DAY, START_TIME, END_TIME) VALUES (730, 1, 4, TO_TIMESTAMP('10/APR/2018 9:00:00'), TO_TIMESTAMP('10/APR/2018 10:00:00'));
INSERT INTO SCHEDULED_DATE (ID, WEEK, DAY, START_TIME, END_TIME) VALUES (731, 1, 5, TO_TIMESTAMP('02/APR/2019 10:00:00'), TO_TIMESTAMP('02/APR/2019 12:00:00'));
INSERT INTO SCHEDULED_DATE (ID, WEEK, DAY, START_TIME, END_TIME) VALUES (732, 1, 2, TO_TIMESTAMP('03/APR/2019 10:00:00'), TO_TIMESTAMP('03/APR/2019 12:00:00'));
INSERT INTO SCHEDULED_DATE (ID, WEEK, DAY, START_TIME, END_TIME) VALUES (733, 1, 3, TO_TIMESTAMP('09/APR/2019 10:00:00'), TO_TIMESTAMP('09/APR/2019 12:00:00'));     
INSERT INTO SCHEDULED_DATE (ID, WEEK, DAY, START_TIME, END_TIME) VALUES (734, 2, 1, TO_TIMESTAMP('10/APR/2019 10:00:00'), TO_TIMESTAMP('10/APR/2019 12:00:00'));
INSERT INTO SCHEDULED_DATE (ID, WEEK, DAY, START_TIME, END_TIME) VALUES (735, 2, 2, TO_TIMESTAMP('02/APR/2020 9:00:00'), TO_TIMESTAMP('02/APR/2020 10:00:00'));
INSERT INTO SCHEDULED_DATE (ID, WEEK, DAY, START_TIME, END_TIME) VALUES (736, 2, 3, TO_TIMESTAMP('03/APR/2020 9:00:00'), TO_TIMESTAMP('03/APR/2020 10:00:00'));
INSERT INTO SCHEDULED_DATE (ID, WEEK, DAY, START_TIME, END_TIME) VALUES (737, 2, 4, TO_TIMESTAMP('09/APR/2020 9:00:00'), TO_TIMESTAMP('09/APR/2020 10:00:00'));       
INSERT INTO SCHEDULED_DATE (ID, WEEK, DAY, START_TIME, END_TIME) VALUES (738, 2, 5, TO_TIMESTAMP('10/APR/2020 9:00:00'), TO_TIMESTAMP('10/APR/2020 10:00:00'));
INSERT INTO SCHEDULED_DATE (ID, WEEK, DAY, START_TIME, END_TIME) VALUES (739, 2, 5, TO_TIMESTAMP('02/APR/2021 10:00:00'), TO_TIMESTAMP('02/APR/2021 12:00:00'));

INSERT INTO SCHEDULED_DATE (ID, WEEK, DAY, START_TIME, END_TIME) VALUES (740, 1, 1, TO_TIMESTAMP('02/APR/2018 9:00:00'), TO_TIMESTAMP('02/APR/2018 10:00:00'));
INSERT INTO SCHEDULED_DATE (ID, WEEK, DAY, START_TIME, END_TIME) VALUES (741, 1, 2, TO_TIMESTAMP('03/APR/2018 9:00:00'), TO_TIMESTAMP('03/APR/2018 10:00:00'));
INSERT INTO SCHEDULED_DATE (ID, WEEK, DAY, START_TIME, END_TIME) VALUES (742, 1, 3, TO_TIMESTAMP('09/APR/2018 9:00:00'), TO_TIMESTAMP('09/APR/2018 10:00:00'));       
INSERT INTO SCHEDULED_DATE (ID, WEEK, DAY, START_TIME, END_TIME) VALUES (743, 1, 4, TO_TIMESTAMP('10/APR/2018 9:00:00'), TO_TIMESTAMP('10/APR/2018 10:00:00'));
INSERT INTO SCHEDULED_DATE (ID, WEEK, DAY, START_TIME, END_TIME) VALUES (744, 1, 5, TO_TIMESTAMP('02/APR/2019 10:00:00'), TO_TIMESTAMP('02/APR/2019 12:00:00'));
INSERT INTO SCHEDULED_DATE (ID, WEEK, DAY, START_TIME, END_TIME) VALUES (745, 1, 2, TO_TIMESTAMP('03/APR/2019 10:00:00'), TO_TIMESTAMP('03/APR/2019 12:00:00'));
INSERT INTO SCHEDULED_DATE (ID, WEEK, DAY, START_TIME, END_TIME) VALUES (746, 1, 3, TO_TIMESTAMP('09/APR/2019 10:00:00'), TO_TIMESTAMP('09/APR/2019 12:00:00'));     
INSERT INTO SCHEDULED_DATE (ID, WEEK, DAY, START_TIME, END_TIME) VALUES (747, 2, 1, TO_TIMESTAMP('10/APR/2019 10:00:00'), TO_TIMESTAMP('10/APR/2019 12:00:00'));
INSERT INTO SCHEDULED_DATE (ID, WEEK, DAY, START_TIME, END_TIME) VALUES (748, 2, 2, TO_TIMESTAMP('02/APR/2020 9:00:00'), TO_TIMESTAMP('02/APR/2020 10:00:00'));
INSERT INTO SCHEDULED_DATE (ID, WEEK, DAY, START_TIME, END_TIME) VALUES (749, 2, 3, TO_TIMESTAMP('03/APR/2020 9:00:00'), TO_TIMESTAMP('03/APR/2020 10:00:00'));
INSERT INTO SCHEDULED_DATE (ID, WEEK, DAY, START_TIME, END_TIME) VALUES (750, 2, 4, TO_TIMESTAMP('09/APR/2020 9:00:00'), TO_TIMESTAMP('09/APR/2020 10:00:00'));       
INSERT INTO SCHEDULED_DATE (ID, WEEK, DAY, START_TIME, END_TIME) VALUES (751, 2, 5, TO_TIMESTAMP('10/APR/2020 9:00:00'), TO_TIMESTAMP('10/APR/2020 10:00:00'));
INSERT INTO SCHEDULED_DATE (ID, WEEK, DAY, START_TIME, END_TIME) VALUES (752, 2, 2, TO_TIMESTAMP('02/APR/2021 10:00:00'), TO_TIMESTAMP('02/APR/2021 12:00:00'));

INSERT INTO SCHEDULED_DATE (ID, WEEK, DAY, START_TIME, END_TIME) VALUES (753, 1, 1, TO_TIMESTAMP('02/APR/2018 9:00:00'), TO_TIMESTAMP('02/APR/2018 10:00:00'));
INSERT INTO SCHEDULED_DATE (ID, WEEK, DAY, START_TIME, END_TIME) VALUES (754, 1, 2, TO_TIMESTAMP('03/APR/2018 9:00:00'), TO_TIMESTAMP('03/APR/2018 10:00:00'));
INSERT INTO SCHEDULED_DATE (ID, WEEK, DAY, START_TIME, END_TIME) VALUES (755, 1, 3, TO_TIMESTAMP('09/APR/2018 9:00:00'), TO_TIMESTAMP('09/APR/2018 10:00:00'));       
INSERT INTO SCHEDULED_DATE (ID, WEEK, DAY, START_TIME, END_TIME) VALUES (756, 1, 4, TO_TIMESTAMP('10/APR/2018 9:00:00'), TO_TIMESTAMP('10/APR/2018 10:00:00'));
INSERT INTO SCHEDULED_DATE (ID, WEEK, DAY, START_TIME, END_TIME) VALUES (757, 1, 5, TO_TIMESTAMP('02/APR/2019 10:00:00'), TO_TIMESTAMP('02/APR/2019 12:00:00'));
INSERT INTO SCHEDULED_DATE (ID, WEEK, DAY, START_TIME, END_TIME) VALUES (758, 1, 3, TO_TIMESTAMP('03/APR/2019 10:00:00'), TO_TIMESTAMP('03/APR/2019 12:00:00'));
INSERT INTO SCHEDULED_DATE (ID, WEEK, DAY, START_TIME, END_TIME) VALUES (759, 1, 2, TO_TIMESTAMP('09/APR/2019 10:00:00'), TO_TIMESTAMP('09/APR/2019 12:00:00'));     
INSERT INTO SCHEDULED_DATE (ID, WEEK, DAY, START_TIME, END_TIME) VALUES (760, 2, 1, TO_TIMESTAMP('10/APR/2019 10:00:00'), TO_TIMESTAMP('10/APR/2019 12:00:00'));
INSERT INTO SCHEDULED_DATE (ID, WEEK, DAY, START_TIME, END_TIME) VALUES (761, 2, 2, TO_TIMESTAMP('02/APR/2020 9:00:00'), TO_TIMESTAMP('02/APR/2020 10:00:00'));
INSERT INTO SCHEDULED_DATE (ID, WEEK, DAY, START_TIME, END_TIME) VALUES (762, 2, 3, TO_TIMESTAMP('03/APR/2020 9:00:00'), TO_TIMESTAMP('03/APR/2020 10:00:00'));
INSERT INTO SCHEDULED_DATE (ID, WEEK, DAY, START_TIME, END_TIME) VALUES (763, 2, 4, TO_TIMESTAMP('09/APR/2020 9:00:00'), TO_TIMESTAMP('09/APR/2020 10:00:00'));       
INSERT INTO SCHEDULED_DATE (ID, WEEK, DAY, START_TIME, END_TIME) VALUES (764, 2, 5, TO_TIMESTAMP('10/APR/2020 9:00:00'), TO_TIMESTAMP('10/APR/2020 10:00:00'));
INSERT INTO SCHEDULED_DATE (ID, WEEK, DAY, START_TIME, END_TIME) VALUES (765, 2, 3, TO_TIMESTAMP('02/APR/2021 10:00:00'), TO_TIMESTAMP('02/APR/2021 12:00:00'));

INSERT INTO SCHEDULED_DATE (ID, WEEK, DAY, START_TIME, END_TIME) VALUES (766, 1, 1, TO_TIMESTAMP('20/May/2018 09:00:00'), TO_TIMESTAMP('20/May/2018 10:00:00'));
INSERT INTO SCHEDULED_DATE (ID, WEEK, DAY, START_TIME, END_TIME) VALUES (767, 1, 2, TO_TIMESTAMP('20/May/2018 09:00:00'), TO_TIMESTAMP('20/May/2018 10:00:00'));
INSERT INTO SCHEDULED_DATE (ID, WEEK, DAY, START_TIME, END_TIME) VALUES (768, 1, 3, TO_TIMESTAMP('20/May/2018 09:00:00'), TO_TIMESTAMP('20/May/2018 10:00:00'));
INSERT INTO SCHEDULED_DATE (ID, WEEK, DAY, START_TIME, END_TIME) VALUES (769, 1, 4, TO_TIMESTAMP('20/May/2018 09:00:00'), TO_TIMESTAMP('20/May/2018 10:00:00'));
INSERT INTO SCHEDULED_DATE (ID, WEEK, DAY, START_TIME, END_TIME) VALUES (770, 1, 5, TO_TIMESTAMP('20/May/2018 09:00:00'), TO_TIMESTAMP('20/May/2018 10:00:00'));
INSERT INTO SCHEDULED_DATE (ID, WEEK, DAY, START_TIME, END_TIME) VALUES (771, 1, 4, TO_TIMESTAMP('20/May/2018 14:00:00'), TO_TIMESTAMP('20/May/2018 15:00:00'));
INSERT INTO SCHEDULED_DATE (ID, WEEK, DAY, START_TIME, END_TIME) VALUES (772, 1, 5, TO_TIMESTAMP('20/May/2018 13:00:00'), TO_TIMESTAMP('20/May/2018 14:00:00'));
INSERT INTO SCHEDULED_DATE (ID, WEEK, DAY, START_TIME, END_TIME) VALUES (773, 2, 1, TO_TIMESTAMP('20/Apr/2018 09:00:00'), TO_TIMESTAMP('20/May/2018 10:00:00'));
INSERT INTO SCHEDULED_DATE (ID, WEEK, DAY, START_TIME, END_TIME) VALUES (774, 2, 2, TO_TIMESTAMP('20/Apr/2018 09:00:00'), TO_TIMESTAMP('20/May/2018 10:00:00'));
INSERT INTO SCHEDULED_DATE (ID, WEEK, DAY, START_TIME, END_TIME) VALUES (775, 2, 3, TO_TIMESTAMP('20/Apr/2018 09:00:00'), TO_TIMESTAMP('20/May/2018 10:00:00'));
INSERT INTO SCHEDULED_DATE (ID, WEEK, DAY, START_TIME, END_TIME) VALUES (776, 2, 4, TO_TIMESTAMP('20/Apr/2018 09:00:00'), TO_TIMESTAMP('20/May/2018 10:00:00'));
INSERT INTO SCHEDULED_DATE (ID, WEEK, DAY, START_TIME, END_TIME) VALUES (777, 2, 5, TO_TIMESTAMP('20/Apr/2018 09:00:00'), TO_TIMESTAMP('20/May/2018 10:00:00'));
INSERT INTO SCHEDULED_DATE (ID, WEEK, DAY, START_TIME, END_TIME) VALUES (778, 2, 3, TO_TIMESTAMP('20/Apr/2018 12:00:00'), TO_TIMESTAMP('20/May/2018 13:00:00'));



/*  Scheduled Subtopic IDs will begin at 800
    Date - scheduled date ID
    Schedule - parent schedule ID
    
    1000 - loops
    1001 - OOP
    1002 - Select Queries
    1003 - Joins
    1004 - Polymorphism
    1005 - Abstraction
    1007 - Constraints
    1008 - Functions
    1009 - Procedures
    1010 - Static/Final Keyword
    1011 - Exceptions and Errors
    1012 - File Handling
    
*/
INSERT INTO SCHEDULED_SUBTOPICS (ID, SUBTOPIC_ID, DATE, SCHEDULE) VALUES (801, 1000, 701, 601);
INSERT INTO SCHEDULED_SUBTOPICS (ID, SUBTOPIC_ID, DATE, SCHEDULE) VALUES (802, 1000, 702, 602);
INSERT INTO SCHEDULED_SUBTOPICS (ID, SUBTOPIC_ID, DATE, SCHEDULE) VALUES (803, 1000, 703, 603);
INSERT INTO SCHEDULED_SUBTOPICS (ID, SUBTOPIC_ID, DATE, SCHEDULE) VALUES (804, 1000, 704, 604);
INSERT INTO SCHEDULED_SUBTOPICS (ID, SUBTOPIC_ID, DATE, SCHEDULE) VALUES (805, 1000, 705, 605);
INSERT INTO SCHEDULED_SUBTOPICS (ID, SUBTOPIC_ID, DATE, SCHEDULE) VALUES (806, 1000, 706, 606);
INSERT INTO SCHEDULED_SUBTOPICS (ID, SUBTOPIC_ID, DATE, SCHEDULE) VALUES (807, 1000, 707, 607);
INSERT INTO SCHEDULED_SUBTOPICS (ID, SUBTOPIC_ID, DATE, SCHEDULE) VALUES (808, 1000, 708, 608);
INSERT INTO SCHEDULED_SUBTOPICS (ID, SUBTOPIC_ID, DATE, SCHEDULE) VALUES (809, 1000, 709, 609);
INSERT INTO SCHEDULED_SUBTOPICS (ID, SUBTOPIC_ID, DATE, SCHEDULE) VALUES (810, 1000, 710, 610);
INSERT INTO SCHEDULED_SUBTOPICS (ID, SUBTOPIC_ID, DATE, SCHEDULE) VALUES (811, 1000, 711, 612);
INSERT INTO SCHEDULED_SUBTOPICS (ID, SUBTOPIC_ID, DATE, SCHEDULE) VALUES (812, 1000, 712, 613);

INSERT INTO SCHEDULED_SUBTOPICS (ID, SUBTOPIC_ID, DATE, SCHEDULE) VALUES (813, 1001, 713, 601);
INSERT INTO SCHEDULED_SUBTOPICS (ID, SUBTOPIC_ID, DATE, SCHEDULE) VALUES (814, 1001, 714, 602);
INSERT INTO SCHEDULED_SUBTOPICS (ID, SUBTOPIC_ID, DATE, SCHEDULE) VALUES (815, 1001, 715, 603);
INSERT INTO SCHEDULED_SUBTOPICS (ID, SUBTOPIC_ID, DATE, SCHEDULE) VALUES (816, 1001, 716, 604);
INSERT INTO SCHEDULED_SUBTOPICS (ID, SUBTOPIC_ID, DATE, SCHEDULE) VALUES (817, 1001, 717, 605);
INSERT INTO SCHEDULED_SUBTOPICS (ID, SUBTOPIC_ID, DATE, SCHEDULE) VALUES (818, 1001, 718, 606);
INSERT INTO SCHEDULED_SUBTOPICS (ID, SUBTOPIC_ID, DATE, SCHEDULE) VALUES (819, 1001, 719, 607);
INSERT INTO SCHEDULED_SUBTOPICS (ID, SUBTOPIC_ID, DATE, SCHEDULE) VALUES (820, 1001, 720, 608);
INSERT INTO SCHEDULED_SUBTOPICS (ID, SUBTOPIC_ID, DATE, SCHEDULE) VALUES (821, 1001, 721, 609);
INSERT INTO SCHEDULED_SUBTOPICS (ID, SUBTOPIC_ID, DATE, SCHEDULE) VALUES (822, 1001, 722, 610);
INSERT INTO SCHEDULED_SUBTOPICS (ID, SUBTOPIC_ID, DATE, SCHEDULE) VALUES (823, 1001, 723, 612);
INSERT INTO SCHEDULED_SUBTOPICS (ID, SUBTOPIC_ID, DATE, SCHEDULE) VALUES (824, 1001, 724, 613);

INSERT INTO SCHEDULED_SUBTOPICS (ID, SUBTOPIC_ID, DATE, SCHEDULE) VALUES (825, 1002, 725, 601);
INSERT INTO SCHEDULED_SUBTOPICS (ID, SUBTOPIC_ID, DATE, SCHEDULE) VALUES (826, 1002, 726, 602);
INSERT INTO SCHEDULED_SUBTOPICS (ID, SUBTOPIC_ID, DATE, SCHEDULE) VALUES (827, 1002, 727, 603);
INSERT INTO SCHEDULED_SUBTOPICS (ID, SUBTOPIC_ID, DATE, SCHEDULE) VALUES (828, 1002, 728, 604);
INSERT INTO SCHEDULED_SUBTOPICS (ID, SUBTOPIC_ID, DATE, SCHEDULE) VALUES (829, 1002, 729, 605);
INSERT INTO SCHEDULED_SUBTOPICS (ID, SUBTOPIC_ID, DATE, SCHEDULE) VALUES (830, 1002, 730, 606);
INSERT INTO SCHEDULED_SUBTOPICS (ID, SUBTOPIC_ID, DATE, SCHEDULE) VALUES (831, 1002, 731, 607);
INSERT INTO SCHEDULED_SUBTOPICS (ID, SUBTOPIC_ID, DATE, SCHEDULE) VALUES (832, 1002, 732, 608);
INSERT INTO SCHEDULED_SUBTOPICS (ID, SUBTOPIC_ID, DATE, SCHEDULE) VALUES (833, 1002, 733, 609);
INSERT INTO SCHEDULED_SUBTOPICS (ID, SUBTOPIC_ID, DATE, SCHEDULE) VALUES (834, 1002, 734, 610);
INSERT INTO SCHEDULED_SUBTOPICS (ID, SUBTOPIC_ID, DATE, SCHEDULE) VALUES (835, 1002, 735, 612);
INSERT INTO SCHEDULED_SUBTOPICS (ID, SUBTOPIC_ID, DATE, SCHEDULE) VALUES (836, 1002, 736, 613);

INSERT INTO SCHEDULED_SUBTOPICS (ID, SUBTOPIC_ID, DATE, SCHEDULE) VALUES (837, 1003, 737, 601);
INSERT INTO SCHEDULED_SUBTOPICS (ID, SUBTOPIC_ID, DATE, SCHEDULE) VALUES (838, 1003, 738, 602);
INSERT INTO SCHEDULED_SUBTOPICS (ID, SUBTOPIC_ID, DATE, SCHEDULE) VALUES (839, 1003, 739, 603);
INSERT INTO SCHEDULED_SUBTOPICS (ID, SUBTOPIC_ID, DATE, SCHEDULE) VALUES (840, 1003, 740, 604);
INSERT INTO SCHEDULED_SUBTOPICS (ID, SUBTOPIC_ID, DATE, SCHEDULE) VALUES (841, 1003, 741, 605);
INSERT INTO SCHEDULED_SUBTOPICS (ID, SUBTOPIC_ID, DATE, SCHEDULE) VALUES (842, 1003, 742, 606);
INSERT INTO SCHEDULED_SUBTOPICS (ID, SUBTOPIC_ID, DATE, SCHEDULE) VALUES (843, 1003, 743, 607);
INSERT INTO SCHEDULED_SUBTOPICS (ID, SUBTOPIC_ID, DATE, SCHEDULE) VALUES (844, 1003, 744, 608);
INSERT INTO SCHEDULED_SUBTOPICS (ID, SUBTOPIC_ID, DATE, SCHEDULE) VALUES (845, 1003, 745, 609);
INSERT INTO SCHEDULED_SUBTOPICS (ID, SUBTOPIC_ID, DATE, SCHEDULE) VALUES (846, 1003, 746, 610);
INSERT INTO SCHEDULED_SUBTOPICS (ID, SUBTOPIC_ID, DATE, SCHEDULE) VALUES (847, 1003, 747, 612);
INSERT INTO SCHEDULED_SUBTOPICS (ID, SUBTOPIC_ID, DATE, SCHEDULE) VALUES (848, 1003, 748, 613);

INSERT INTO SCHEDULED_SUBTOPICS (ID, SUBTOPIC_ID, DATE, SCHEDULE) VALUES (849, 1004, 749, 601);
INSERT INTO SCHEDULED_SUBTOPICS (ID, SUBTOPIC_ID, DATE, SCHEDULE) VALUES (850, 1004, 750, 602);
INSERT INTO SCHEDULED_SUBTOPICS (ID, SUBTOPIC_ID, DATE, SCHEDULE) VALUES (851, 1004, 751, 603);
INSERT INTO SCHEDULED_SUBTOPICS (ID, SUBTOPIC_ID, DATE, SCHEDULE) VALUES (852, 1004, 752, 604);
INSERT INTO SCHEDULED_SUBTOPICS (ID, SUBTOPIC_ID, DATE, SCHEDULE) VALUES (853, 1004, 753, 605);
INSERT INTO SCHEDULED_SUBTOPICS (ID, SUBTOPIC_ID, DATE, SCHEDULE) VALUES (854, 1004, 754, 606);
INSERT INTO SCHEDULED_SUBTOPICS (ID, SUBTOPIC_ID, DATE, SCHEDULE) VALUES (855, 1004, 755, 607);
INSERT INTO SCHEDULED_SUBTOPICS (ID, SUBTOPIC_ID, DATE, SCHEDULE) VALUES (856, 1004, 756, 608);
INSERT INTO SCHEDULED_SUBTOPICS (ID, SUBTOPIC_ID, DATE, SCHEDULE) VALUES (857, 1004, 757, 609);
INSERT INTO SCHEDULED_SUBTOPICS (ID, SUBTOPIC_ID, DATE, SCHEDULE) VALUES (858, 1004, 758, 610);
INSERT INTO SCHEDULED_SUBTOPICS (ID, SUBTOPIC_ID, DATE, SCHEDULE) VALUES (859, 1004, 759, 612);
INSERT INTO SCHEDULED_SUBTOPICS (ID, SUBTOPIC_ID, DATE, SCHEDULE) VALUES (860, 1004, 760, 613);

