/* List of Curriculums Created in same month and same time
    Curriculum ID's will begin at 100s
*/
INSERT INTO CURRICULUM (ID, CREATOR_ID, DATE_CREATED, MASTER_VERSION, MODIFIER_ID, NAME, WEEK_DURATION, VERSION) VALUES (100, 50, TO_TIMESTAMP('02 MAY 2018 12:00:00'), false, 0, 'Java', 10, 1);


INSERT INTO CURRICULUM (ID, CREATOR_ID, DATE_CREATED, MASTER_VERSION, MODIFIER_ID, NAME, WEEK_DURATION, VERSION) VALUES (101, 50, TO_TIMESTAMP('02 MAY 2018 12:00:00'), false, 0, '.NET', 10, 1);



/* List of Curriculums */
INSERT INTO CURRICULUM (ID, CREATOR_ID, DATE_CREATED, MASTER_VERSION, MODIFIER_ID, NAME, WEEK_DURATION, VERSION) VALUES (102, 50, TO_TIMESTAMP('02 MAY 2018 12:00:00'), false, 0, 'Java', 10, 2);
INSERT INTO CURRICULUM (ID, CREATOR_ID, DATE_CREATED, MASTER_VERSION, MODIFIER_ID, NAME, WEEK_DURATION, VERSION) VALUES (103, 50, TO_TIMESTAMP('02 MAY 2018 12:00:00'), false, 0, 'Java', 10, 3);
INSERT INTO CURRICULUM (ID, CREATOR_ID, DATE_CREATED, MASTER_VERSION, MODIFIER_ID, NAME, WEEK_DURATION, VERSION) VALUES (104, 50, TO_TIMESTAMP('02 MAY 2018 12:00:00'), false, 0, '.NET', 10, 2);
INSERT INTO CURRICULUM (ID, CREATOR_ID, DATE_CREATED, MASTER_VERSION, MODIFIER_ID, NAME, WEEK_DURATION, VERSION) VALUES (105, 50, TO_TIMESTAMP('02 MAY 2018 12:00:00'), false, 0, '.NET', 10, 3);

INSERT INTO CURRICULUM (ID, CREATOR_ID, DATE_CREATED, MASTER_VERSION, MODIFIER_ID, NAME, WEEK_DURATION, VERSION) VALUES (106, 50, TO_TIMESTAMP('02 MAY 2018 12:00:00'), false, 0, 'Java', 10, 4);
INSERT INTO CURRICULUM (ID, CREATOR_ID, DATE_CREATED, MASTER_VERSION, MODIFIER_ID, NAME, WEEK_DURATION, VERSION) VALUES (107, 50, TO_TIMESTAMP('02 MAY 2018 12:00:00'), false, 0, 'Java', 10, 4);
INSERT INTO CURRICULUM (ID, CREATOR_ID, DATE_CREATED, MASTER_VERSION, MODIFIER_ID, NAME, WEEK_DURATION, VERSION) VALUES (108, 50, TO_TIMESTAMP('02 MAY 2018 12:00:00'), false, 0, '.NET', 10, 4);
INSERT INTO CURRICULUM (ID, CREATOR_ID, DATE_CREATED, MASTER_VERSION, MODIFIER_ID, NAME, WEEK_DURATION, VERSION) VALUES (109, 50, TO_TIMESTAMP('02 MAY 2018 12:00:00'), false, 0, '.NET', 10, 4);

INSERT INTO CURRICULUM (ID, CREATOR_ID, DATE_CREATED, MASTER_VERSION, MODIFIER_ID, NAME, WEEK_DURATION, VERSION) VALUES (110, 50, TO_TIMESTAMP('02 MAY 2018 12:00:00'), false, 0, 'Java', 10, 5);
INSERT INTO CURRICULUM (ID, CREATOR_ID, DATE_CREATED, MASTER_VERSION, MODIFIER_ID, NAME, WEEK_DURATION, VERSION) VALUES (111, 50, TO_TIMESTAMP('02 MAY 2018 12:00:00'), false, 0, 'Java', 10, 5);
INSERT INTO CURRICULUM (ID, CREATOR_ID, DATE_CREATED, MASTER_VERSION, MODIFIER_ID, NAME, WEEK_DURATION, VERSION) VALUES (112, 50, TO_TIMESTAMP('02 MAY 2018 12:00:00'), false, 0, '.NET', 10, 5);



/* 
    Curriculum subtopic ID's will begin at 200s
    
    Curriculum_subtopic learning 'Loops' 
    1000 - Loops
*/
INSERT INTO CURRICULUM_SUBTOPIC (ID, CURRICULUM_ID, SUBTOPIC_ID) VALUES (200, 100, 1000);
INSERT INTO CURRICULUM_SUBTOPIC (ID, CURRICULUM_ID, SUBTOPIC_ID) VALUES (201, 101, 1000);
INSERT INTO CURRICULUM_SUBTOPIC (ID, CURRICULUM_ID, SUBTOPIC_ID) VALUES (202, 102, 1000);
INSERT INTO CURRICULUM_SUBTOPIC (ID, CURRICULUM_ID, SUBTOPIC_ID) VALUES (203, 103, 1000);
INSERT INTO CURRICULUM_SUBTOPIC (ID, CURRICULUM_ID, SUBTOPIC_ID) VALUES (204, 104, 1000);
INSERT INTO CURRICULUM_SUBTOPIC (ID, CURRICULUM_ID, SUBTOPIC_ID) VALUES (205, 105, 1000);
INSERT INTO CURRICULUM_SUBTOPIC (ID, CURRICULUM_ID, SUBTOPIC_ID) VALUES (206, 106, 1000);
INSERT INTO CURRICULUM_SUBTOPIC (ID, CURRICULUM_ID, SUBTOPIC_ID) VALUES (207, 107, 1000);
INSERT INTO CURRICULUM_SUBTOPIC (ID, CURRICULUM_ID, SUBTOPIC_ID) VALUES (208, 108, 1000);
INSERT INTO CURRICULUM_SUBTOPIC (ID, CURRICULUM_ID, SUBTOPIC_ID) VALUES (209, 109, 1000);
INSERT INTO CURRICULUM_SUBTOPIC (ID, CURRICULUM_ID, SUBTOPIC_ID) VALUES (210, 110, 1000);
INSERT INTO CURRICULUM_SUBTOPIC (ID, CURRICULUM_ID, SUBTOPIC_ID) VALUES (211, 111, 1000);
INSERT INTO CURRICULUM_SUBTOPIC (ID, CURRICULUM_ID, SUBTOPIC_ID) VALUES (212, 112, 1000);

/* Curriculum_Subtopic learning 'OOP'
    1001 - OOP
*/
INSERT INTO CURRICULUM_SUBTOPIC (ID, CURRICULUM_ID, SUBTOPIC_ID) VALUES (213, 100, 1001);
INSERT INTO CURRICULUM_SUBTOPIC (ID, CURRICULUM_ID, SUBTOPIC_ID) VALUES (214, 101, 1001);
INSERT INTO CURRICULUM_SUBTOPIC (ID, CURRICULUM_ID, SUBTOPIC_ID) VALUES (215, 102, 1001);
INSERT INTO CURRICULUM_SUBTOPIC (ID, CURRICULUM_ID, SUBTOPIC_ID) VALUES (216, 103, 1001);
INSERT INTO CURRICULUM_SUBTOPIC (ID, CURRICULUM_ID, SUBTOPIC_ID) VALUES (217, 104, 1001);
INSERT INTO CURRICULUM_SUBTOPIC (ID, CURRICULUM_ID, SUBTOPIC_ID) VALUES (218, 105, 1001);
INSERT INTO CURRICULUM_SUBTOPIC (ID, CURRICULUM_ID, SUBTOPIC_ID) VALUES (219, 106, 1001);
INSERT INTO CURRICULUM_SUBTOPIC (ID, CURRICULUM_ID, SUBTOPIC_ID) VALUES (220, 107, 1001);
INSERT INTO CURRICULUM_SUBTOPIC (ID, CURRICULUM_ID, SUBTOPIC_ID) VALUES (221, 108, 1001);
INSERT INTO CURRICULUM_SUBTOPIC (ID, CURRICULUM_ID, SUBTOPIC_ID) VALUES (222, 109, 1001);
INSERT INTO CURRICULUM_SUBTOPIC (ID, CURRICULUM_ID, SUBTOPIC_ID) VALUES (223, 110, 1001);
INSERT INTO CURRICULUM_SUBTOPIC (ID, CURRICULUM_ID, SUBTOPIC_ID) VALUES (224, 111, 1001);
INSERT INTO CURRICULUM_SUBTOPIC (ID, CURRICULUM_ID, SUBTOPIC_ID) VALUES (225, 112, 1001);


/* Curriculum Subtopic learning 'Select Queries' 
    1002 - Inheritance
*/
INSERT INTO CURRICULUM_SUBTOPIC (ID, CURRICULUM_ID, SUBTOPIC_ID) VALUES (226, 100, 1002);
INSERT INTO CURRICULUM_SUBTOPIC (ID, CURRICULUM_ID, SUBTOPIC_ID) VALUES (227, 101, 1002);
INSERT INTO CURRICULUM_SUBTOPIC (ID, CURRICULUM_ID, SUBTOPIC_ID) VALUES (228, 102, 1002);
INSERT INTO CURRICULUM_SUBTOPIC (ID, CURRICULUM_ID, SUBTOPIC_ID) VALUES (229, 103, 1002);
INSERT INTO CURRICULUM_SUBTOPIC (ID, CURRICULUM_ID, SUBTOPIC_ID) VALUES (230, 104, 1002);
INSERT INTO CURRICULUM_SUBTOPIC (ID, CURRICULUM_ID, SUBTOPIC_ID) VALUES (231, 105, 1002);
INSERT INTO CURRICULUM_SUBTOPIC (ID, CURRICULUM_ID, SUBTOPIC_ID) VALUES (232, 106, 1002);
INSERT INTO CURRICULUM_SUBTOPIC (ID, CURRICULUM_ID, SUBTOPIC_ID) VALUES (233, 107, 1002);
INSERT INTO CURRICULUM_SUBTOPIC (ID, CURRICULUM_ID, SUBTOPIC_ID) VALUES (234, 108, 1002);
INSERT INTO CURRICULUM_SUBTOPIC (ID, CURRICULUM_ID, SUBTOPIC_ID) VALUES (235, 109, 1002);
INSERT INTO CURRICULUM_SUBTOPIC (ID, CURRICULUM_ID, SUBTOPIC_ID) VALUES (236, 110, 1002);
INSERT INTO CURRICULUM_SUBTOPIC (ID, CURRICULUM_ID, SUBTOPIC_ID) VALUES (237, 111, 1002);
INSERT INTO CURRICULUM_SUBTOPIC (ID, CURRICULUM_ID, SUBTOPIC_ID) VALUES (238, 112, 1002);

/* Curriculum Subtopic learning 'Joins' 
    1003 - Select Queries
*/
INSERT INTO CURRICULUM_SUBTOPIC (ID, CURRICULUM_ID, SUBTOPIC_ID) VALUES (239, 100, 1003);
INSERT INTO CURRICULUM_SUBTOPIC (ID, CURRICULUM_ID, SUBTOPIC_ID) VALUES (240, 101, 1003);
INSERT INTO CURRICULUM_SUBTOPIC (ID, CURRICULUM_ID, SUBTOPIC_ID) VALUES (241, 102, 1003);
INSERT INTO CURRICULUM_SUBTOPIC (ID, CURRICULUM_ID, SUBTOPIC_ID) VALUES (242, 103, 1003);
INSERT INTO CURRICULUM_SUBTOPIC (ID, CURRICULUM_ID, SUBTOPIC_ID) VALUES (243, 104, 1003);
INSERT INTO CURRICULUM_SUBTOPIC (ID, CURRICULUM_ID, SUBTOPIC_ID) VALUES (244, 105, 1003);
INSERT INTO CURRICULUM_SUBTOPIC (ID, CURRICULUM_ID, SUBTOPIC_ID) VALUES (245, 106, 1003);
INSERT INTO CURRICULUM_SUBTOPIC (ID, CURRICULUM_ID, SUBTOPIC_ID) VALUES (246, 107, 1003);
INSERT INTO CURRICULUM_SUBTOPIC (ID, CURRICULUM_ID, SUBTOPIC_ID) VALUES (247, 108, 1003);
INSERT INTO CURRICULUM_SUBTOPIC (ID, CURRICULUM_ID, SUBTOPIC_ID) VALUES (248, 109, 1003);
INSERT INTO CURRICULUM_SUBTOPIC (ID, CURRICULUM_ID, SUBTOPIC_ID) VALUES (249, 110, 1003);
INSERT INTO CURRICULUM_SUBTOPIC (ID, CURRICULUM_ID, SUBTOPIC_ID) VALUES (250, 111, 1003);
INSERT INTO CURRICULUM_SUBTOPIC (ID, CURRICULUM_ID, SUBTOPIC_ID) VALUES (251, 112, 1003);

/*
Curriculum Subtopic learning 'Joins' 
    1004 - Joins
*/
INSERT INTO CURRICULUM_SUBTOPIC (ID, CURRICULUM_ID, SUBTOPIC_ID) VALUES (252, 100, 1004);
INSERT INTO CURRICULUM_SUBTOPIC (ID, CURRICULUM_ID, SUBTOPIC_ID) VALUES (253, 101, 1004);
INSERT INTO CURRICULUM_SUBTOPIC (ID, CURRICULUM_ID, SUBTOPIC_ID) VALUES (254, 102, 1004);
INSERT INTO CURRICULUM_SUBTOPIC (ID, CURRICULUM_ID, SUBTOPIC_ID) VALUES (255, 103, 1004);
INSERT INTO CURRICULUM_SUBTOPIC (ID, CURRICULUM_ID, SUBTOPIC_ID) VALUES (256, 104, 1004);
INSERT INTO CURRICULUM_SUBTOPIC (ID, CURRICULUM_ID, SUBTOPIC_ID) VALUES (257, 105, 1004);
INSERT INTO CURRICULUM_SUBTOPIC (ID, CURRICULUM_ID, SUBTOPIC_ID) VALUES (258, 106, 1004);
INSERT INTO CURRICULUM_SUBTOPIC (ID, CURRICULUM_ID, SUBTOPIC_ID) VALUES (259, 107, 1004);
INSERT INTO CURRICULUM_SUBTOPIC (ID, CURRICULUM_ID, SUBTOPIC_ID) VALUES (260, 108, 1004);
INSERT INTO CURRICULUM_SUBTOPIC (ID, CURRICULUM_ID, SUBTOPIC_ID) VALUES (261, 109, 1004);
INSERT INTO CURRICULUM_SUBTOPIC (ID, CURRICULUM_ID, SUBTOPIC_ID) VALUES (262, 110, 1004);
INSERT INTO CURRICULUM_SUBTOPIC (ID, CURRICULUM_ID, SUBTOPIC_ID) VALUES (263, 111, 1004);
INSERT INTO CURRICULUM_SUBTOPIC (ID, CURRICULUM_ID, SUBTOPIC_ID) VALUES (264, 112, 1004);

/* 
Curriculum Subtopic learning 'Polymorphism' 
    1005 - Polymorphism
*/
INSERT INTO CURRICULUM_SUBTOPIC (ID, CURRICULUM_ID, SUBTOPIC_ID) VALUES (265, 100, 1005);
INSERT INTO CURRICULUM_SUBTOPIC (ID, CURRICULUM_ID, SUBTOPIC_ID) VALUES (266, 101, 1005);
INSERT INTO CURRICULUM_SUBTOPIC (ID, CURRICULUM_ID, SUBTOPIC_ID) VALUES (267, 102, 1005);
INSERT INTO CURRICULUM_SUBTOPIC (ID, CURRICULUM_ID, SUBTOPIC_ID) VALUES (268, 103, 1005);
INSERT INTO CURRICULUM_SUBTOPIC (ID, CURRICULUM_ID, SUBTOPIC_ID) VALUES (269, 104, 1005);
INSERT INTO CURRICULUM_SUBTOPIC (ID, CURRICULUM_ID, SUBTOPIC_ID) VALUES (270, 105, 1005);
INSERT INTO CURRICULUM_SUBTOPIC (ID, CURRICULUM_ID, SUBTOPIC_ID) VALUES (271, 106, 1005);
INSERT INTO CURRICULUM_SUBTOPIC (ID, CURRICULUM_ID, SUBTOPIC_ID) VALUES (272, 107, 1005);
INSERT INTO CURRICULUM_SUBTOPIC (ID, CURRICULUM_ID, SUBTOPIC_ID) VALUES (273, 108, 1005);
INSERT INTO CURRICULUM_SUBTOPIC (ID, CURRICULUM_ID, SUBTOPIC_ID) VALUES (274, 109, 1005);
INSERT INTO CURRICULUM_SUBTOPIC (ID, CURRICULUM_ID, SUBTOPIC_ID) VALUES (275, 110, 1005);
INSERT INTO CURRICULUM_SUBTOPIC (ID, CURRICULUM_ID, SUBTOPIC_ID) VALUES (276, 111, 1005);
INSERT INTO CURRICULUM_SUBTOPIC (ID, CURRICULUM_ID, SUBTOPIC_ID) VALUES (277, 112, 1005);

/*
Curriculum Subtopic learning 'Abstraction' 
    1006 - Abstraction
*/
INSERT INTO CURRICULUM_SUBTOPIC (ID, CURRICULUM_ID, SUBTOPIC_ID) VALUES (278, 100, 1006);
INSERT INTO CURRICULUM_SUBTOPIC (ID, CURRICULUM_ID, SUBTOPIC_ID) VALUES (279, 101, 1006);
INSERT INTO CURRICULUM_SUBTOPIC (ID, CURRICULUM_ID, SUBTOPIC_ID) VALUES (280, 102, 1006);
INSERT INTO CURRICULUM_SUBTOPIC (ID, CURRICULUM_ID, SUBTOPIC_ID) VALUES (281, 103, 1006);
INSERT INTO CURRICULUM_SUBTOPIC (ID, CURRICULUM_ID, SUBTOPIC_ID) VALUES (282, 104, 1006);
INSERT INTO CURRICULUM_SUBTOPIC (ID, CURRICULUM_ID, SUBTOPIC_ID) VALUES (283, 105, 1006);
INSERT INTO CURRICULUM_SUBTOPIC (ID, CURRICULUM_ID, SUBTOPIC_ID) VALUES (284, 106, 1006);
INSERT INTO CURRICULUM_SUBTOPIC (ID, CURRICULUM_ID, SUBTOPIC_ID) VALUES (285, 107, 1006);
INSERT INTO CURRICULUM_SUBTOPIC (ID, CURRICULUM_ID, SUBTOPIC_ID) VALUES (286, 108, 1006);
INSERT INTO CURRICULUM_SUBTOPIC (ID, CURRICULUM_ID, SUBTOPIC_ID) VALUES (287, 109, 1006);
INSERT INTO CURRICULUM_SUBTOPIC (ID, CURRICULUM_ID, SUBTOPIC_ID) VALUES (288, 110, 1006);
INSERT INTO CURRICULUM_SUBTOPIC (ID, CURRICULUM_ID, SUBTOPIC_ID) VALUES (289, 111, 1006);
INSERT INTO CURRICULUM_SUBTOPIC (ID, CURRICULUM_ID, SUBTOPIC_ID) VALUES (290, 112, 1006);

/*
Curriculum Subtopic learning 'Constraints' 
    1007 - Constraints
*/
INSERT INTO CURRICULUM_SUBTOPIC (ID, CURRICULUM_ID, SUBTOPIC_ID) VALUES (291, 100, 1007);
INSERT INTO CURRICULUM_SUBTOPIC (ID, CURRICULUM_ID, SUBTOPIC_ID) VALUES (292, 101, 1007);
INSERT INTO CURRICULUM_SUBTOPIC (ID, CURRICULUM_ID, SUBTOPIC_ID) VALUES (293, 102, 1007);
INSERT INTO CURRICULUM_SUBTOPIC (ID, CURRICULUM_ID, SUBTOPIC_ID) VALUES (294, 103, 1007);
INSERT INTO CURRICULUM_SUBTOPIC (ID, CURRICULUM_ID, SUBTOPIC_ID) VALUES (295, 104, 1007);
INSERT INTO CURRICULUM_SUBTOPIC (ID, CURRICULUM_ID, SUBTOPIC_ID) VALUES (296, 105, 1007);
INSERT INTO CURRICULUM_SUBTOPIC (ID, CURRICULUM_ID, SUBTOPIC_ID) VALUES (297, 106, 1007);
INSERT INTO CURRICULUM_SUBTOPIC (ID, CURRICULUM_ID, SUBTOPIC_ID) VALUES (298, 107, 1007);
INSERT INTO CURRICULUM_SUBTOPIC (ID, CURRICULUM_ID, SUBTOPIC_ID) VALUES (299, 108, 1007);
INSERT INTO CURRICULUM_SUBTOPIC (ID, CURRICULUM_ID, SUBTOPIC_ID) VALUES (300, 109, 1007);
INSERT INTO CURRICULUM_SUBTOPIC (ID, CURRICULUM_ID, SUBTOPIC_ID) VALUES (301, 110, 1007);
INSERT INTO CURRICULUM_SUBTOPIC (ID, CURRICULUM_ID, SUBTOPIC_ID) VALUES (302, 111, 1007);
INSERT INTO CURRICULUM_SUBTOPIC (ID, CURRICULUM_ID, SUBTOPIC_ID) VALUES (303, 112, 1007);

/*
Curriculum Subtopic learning 'Functions' 
    1008 - Functions
*/
INSERT INTO CURRICULUM_SUBTOPIC (ID, CURRICULUM_ID, SUBTOPIC_ID) VALUES (304, 100, 1008);
INSERT INTO CURRICULUM_SUBTOPIC (ID, CURRICULUM_ID, SUBTOPIC_ID) VALUES (305, 101, 1008);
INSERT INTO CURRICULUM_SUBTOPIC (ID, CURRICULUM_ID, SUBTOPIC_ID) VALUES (306, 102, 1008);
INSERT INTO CURRICULUM_SUBTOPIC (ID, CURRICULUM_ID, SUBTOPIC_ID) VALUES (307, 103, 1008);
INSERT INTO CURRICULUM_SUBTOPIC (ID, CURRICULUM_ID, SUBTOPIC_ID) VALUES (308, 104, 1008);
INSERT INTO CURRICULUM_SUBTOPIC (ID, CURRICULUM_ID, SUBTOPIC_ID) VALUES (309, 105, 1008);
INSERT INTO CURRICULUM_SUBTOPIC (ID, CURRICULUM_ID, SUBTOPIC_ID) VALUES (310, 106, 1008);
INSERT INTO CURRICULUM_SUBTOPIC (ID, CURRICULUM_ID, SUBTOPIC_ID) VALUES (311, 107, 1008);
INSERT INTO CURRICULUM_SUBTOPIC (ID, CURRICULUM_ID, SUBTOPIC_ID) VALUES (312, 108, 1008);
INSERT INTO CURRICULUM_SUBTOPIC (ID, CURRICULUM_ID, SUBTOPIC_ID) VALUES (313, 109, 1008);
INSERT INTO CURRICULUM_SUBTOPIC (ID, CURRICULUM_ID, SUBTOPIC_ID) VALUES (314, 110, 1008);
INSERT INTO CURRICULUM_SUBTOPIC (ID, CURRICULUM_ID, SUBTOPIC_ID) VALUES (315, 111, 1008);
INSERT INTO CURRICULUM_SUBTOPIC (ID, CURRICULUM_ID, SUBTOPIC_ID) VALUES (316, 112, 1008);

/*
Curriculum Subtopic learning 'Procedures' 
    1009 - Procedures
*/
INSERT INTO CURRICULUM_SUBTOPIC (ID, CURRICULUM_ID, SUBTOPIC_ID) VALUES (317, 100, 1009);
INSERT INTO CURRICULUM_SUBTOPIC (ID, CURRICULUM_ID, SUBTOPIC_ID) VALUES (318, 101, 1009);
INSERT INTO CURRICULUM_SUBTOPIC (ID, CURRICULUM_ID, SUBTOPIC_ID) VALUES (319, 102, 1009);
INSERT INTO CURRICULUM_SUBTOPIC (ID, CURRICULUM_ID, SUBTOPIC_ID) VALUES (320, 103, 1009);
INSERT INTO CURRICULUM_SUBTOPIC (ID, CURRICULUM_ID, SUBTOPIC_ID) VALUES (321, 104, 1009);
INSERT INTO CURRICULUM_SUBTOPIC (ID, CURRICULUM_ID, SUBTOPIC_ID) VALUES (322, 105, 1009);
INSERT INTO CURRICULUM_SUBTOPIC (ID, CURRICULUM_ID, SUBTOPIC_ID) VALUES (323, 106, 1009);
INSERT INTO CURRICULUM_SUBTOPIC (ID, CURRICULUM_ID, SUBTOPIC_ID) VALUES (324, 107, 1009);
INSERT INTO CURRICULUM_SUBTOPIC (ID, CURRICULUM_ID, SUBTOPIC_ID) VALUES (325, 108, 1009);
INSERT INTO CURRICULUM_SUBTOPIC (ID, CURRICULUM_ID, SUBTOPIC_ID) VALUES (326, 109, 1009);
INSERT INTO CURRICULUM_SUBTOPIC (ID, CURRICULUM_ID, SUBTOPIC_ID) VALUES (327, 110, 1009);
INSERT INTO CURRICULUM_SUBTOPIC (ID, CURRICULUM_ID, SUBTOPIC_ID) VALUES (328, 111, 1009);
INSERT INTO CURRICULUM_SUBTOPIC (ID, CURRICULUM_ID, SUBTOPIC_ID) VALUES (329, 112, 1009);

/*
Curriculum Subtopic learning 'Static/Final Keyword' 
    1010 - Static/Final Keyword
*/
INSERT INTO CURRICULUM_SUBTOPIC (ID, CURRICULUM_ID, SUBTOPIC_ID) VALUES (330, 100, 1010);
INSERT INTO CURRICULUM_SUBTOPIC (ID, CURRICULUM_ID, SUBTOPIC_ID) VALUES (331, 101, 1010);
INSERT INTO CURRICULUM_SUBTOPIC (ID, CURRICULUM_ID, SUBTOPIC_ID) VALUES (332, 102, 1010);
INSERT INTO CURRICULUM_SUBTOPIC (ID, CURRICULUM_ID, SUBTOPIC_ID) VALUES (333, 103, 1010);
INSERT INTO CURRICULUM_SUBTOPIC (ID, CURRICULUM_ID, SUBTOPIC_ID) VALUES (334, 104, 1010);
INSERT INTO CURRICULUM_SUBTOPIC (ID, CURRICULUM_ID, SUBTOPIC_ID) VALUES (335, 105, 1010);
INSERT INTO CURRICULUM_SUBTOPIC (ID, CURRICULUM_ID, SUBTOPIC_ID) VALUES (336, 106, 1010);
INSERT INTO CURRICULUM_SUBTOPIC (ID, CURRICULUM_ID, SUBTOPIC_ID) VALUES (337, 107, 1010);
INSERT INTO CURRICULUM_SUBTOPIC (ID, CURRICULUM_ID, SUBTOPIC_ID) VALUES (338, 108, 1010);
INSERT INTO CURRICULUM_SUBTOPIC (ID, CURRICULUM_ID, SUBTOPIC_ID) VALUES (339, 109, 1010);
INSERT INTO CURRICULUM_SUBTOPIC (ID, CURRICULUM_ID, SUBTOPIC_ID) VALUES (340, 110, 1010);
INSERT INTO CURRICULUM_SUBTOPIC (ID, CURRICULUM_ID, SUBTOPIC_ID) VALUES (341, 111, 1010);
INSERT INTO CURRICULUM_SUBTOPIC (ID, CURRICULUM_ID, SUBTOPIC_ID) VALUES (342, 112, 1010);

/*
Curriculum Subtopic learning 'Exceptions and Errors' 
    1011 - Exceptions and Errors
*/
INSERT INTO CURRICULUM_SUBTOPIC (ID, CURRICULUM_ID, SUBTOPIC_ID) VALUES (343, 100, 1011);
INSERT INTO CURRICULUM_SUBTOPIC (ID, CURRICULUM_ID, SUBTOPIC_ID) VALUES (344, 101, 1011);
INSERT INTO CURRICULUM_SUBTOPIC (ID, CURRICULUM_ID, SUBTOPIC_ID) VALUES (345, 102, 1011);
INSERT INTO CURRICULUM_SUBTOPIC (ID, CURRICULUM_ID, SUBTOPIC_ID) VALUES (346, 103, 1011);
INSERT INTO CURRICULUM_SUBTOPIC (ID, CURRICULUM_ID, SUBTOPIC_ID) VALUES (347, 104, 1011);
INSERT INTO CURRICULUM_SUBTOPIC (ID, CURRICULUM_ID, SUBTOPIC_ID) VALUES (348, 105, 1011);
INSERT INTO CURRICULUM_SUBTOPIC (ID, CURRICULUM_ID, SUBTOPIC_ID) VALUES (349, 106, 1011);
INSERT INTO CURRICULUM_SUBTOPIC (ID, CURRICULUM_ID, SUBTOPIC_ID) VALUES (350, 107, 1011);
INSERT INTO CURRICULUM_SUBTOPIC (ID, CURRICULUM_ID, SUBTOPIC_ID) VALUES (351, 108, 1011);
INSERT INTO CURRICULUM_SUBTOPIC (ID, CURRICULUM_ID, SUBTOPIC_ID) VALUES (352, 109, 1011);
INSERT INTO CURRICULUM_SUBTOPIC (ID, CURRICULUM_ID, SUBTOPIC_ID) VALUES (353, 110, 1011);
INSERT INTO CURRICULUM_SUBTOPIC (ID, CURRICULUM_ID, SUBTOPIC_ID) VALUES (354, 111, 1011);
INSERT INTO CURRICULUM_SUBTOPIC (ID, CURRICULUM_ID, SUBTOPIC_ID) VALUES (355, 112, 1011);


/*
Curriculum Subtopic learning 'File Handling' 
    1012 - File Handling
*/
INSERT INTO CURRICULUM_SUBTOPIC (ID, CURRICULUM_ID, SUBTOPIC_ID) VALUES (356, 100, 1012);
INSERT INTO CURRICULUM_SUBTOPIC (ID, CURRICULUM_ID, SUBTOPIC_ID) VALUES (357, 101, 1012);
INSERT INTO CURRICULUM_SUBTOPIC (ID, CURRICULUM_ID, SUBTOPIC_ID) VALUES (358, 102, 1012);
INSERT INTO CURRICULUM_SUBTOPIC (ID, CURRICULUM_ID, SUBTOPIC_ID) VALUES (359, 103, 1012);
INSERT INTO CURRICULUM_SUBTOPIC (ID, CURRICULUM_ID, SUBTOPIC_ID) VALUES (360, 104, 1012);
INSERT INTO CURRICULUM_SUBTOPIC (ID, CURRICULUM_ID, SUBTOPIC_ID) VALUES (361, 105, 1012);
INSERT INTO CURRICULUM_SUBTOPIC (ID, CURRICULUM_ID, SUBTOPIC_ID) VALUES (362, 106, 1012);
INSERT INTO CURRICULUM_SUBTOPIC (ID, CURRICULUM_ID, SUBTOPIC_ID) VALUES (363, 107, 1012);
INSERT INTO CURRICULUM_SUBTOPIC (ID, CURRICULUM_ID, SUBTOPIC_ID) VALUES (364, 108, 1012);
INSERT INTO CURRICULUM_SUBTOPIC (ID, CURRICULUM_ID, SUBTOPIC_ID) VALUES (365, 109, 1012);
INSERT INTO CURRICULUM_SUBTOPIC (ID, CURRICULUM_ID, SUBTOPIC_ID) VALUES (366, 110, 1012);
INSERT INTO CURRICULUM_SUBTOPIC (ID, CURRICULUM_ID, SUBTOPIC_ID) VALUES (367, 111, 1012);
INSERT INTO CURRICULUM_SUBTOPIC (ID, CURRICULUM_ID, SUBTOPIC_ID) VALUES (368, 112, 1012);


/* Schedule IDs will begin at 600s */
INSERT INTO SCHEDULE (ID, CURRICULUM_ID) VALUES (601, 100);
INSERT INTO SCHEDULE (ID, CURRICULUM_ID) VALUES (602, 101);
INSERT INTO SCHEDULE (ID, CURRICULUM_ID) VALUES (603, 102);
INSERT INTO SCHEDULE (ID, CURRICULUM_ID) VALUES (604, 103);
INSERT INTO SCHEDULE (ID, CURRICULUM_ID) VALUES (605, 104);
INSERT INTO SCHEDULE (ID, CURRICULUM_ID) VALUES (606, 105);
INSERT INTO SCHEDULE (ID, CURRICULUM_ID) VALUES (607, 106);
INSERT INTO SCHEDULE (ID, CURRICULUM_ID) VALUES (608, 107);
INSERT INTO SCHEDULE (ID, CURRICULUM_ID) VALUES (609, 108);
INSERT INTO SCHEDULE (ID, CURRICULUM_ID) VALUES (610, 109);
INSERT INTO SCHEDULE (ID, CURRICULUM_ID) VALUES (611, 110);
INSERT INTO SCHEDULE (ID, CURRICULUM_ID) VALUES (612, 111);
INSERT INTO SCHEDULE (ID, CURRICULUM_ID) VALUES (613, 112);


/* Scheule Date ID's will begin at 700s */
/* Week 1, Day 1 is Loops 
   Week 1, Day 1 is OOP
   Week 1, day 1 is Polymorphism
   Week 1, day 1 is Abstraction
   Week 1, day 1 is Function
   Week 1, day 1 is Static/final keyword
   
   Week 1, day 2 is Exceptions and Errors
   Week 1, day 2 is File Handling
   
   Week 2, day 1 is Select Queries
   Week 2, day 1 is Joins
   Week 2, day 1 is Procedures
   
*/


INSERT INTO SCHEDULED_DATE (ID, WEEK, DAY, START_TIME, END_TIME) VALUES (701, 1, 1, TO_TIMESTAMP('04/JUN/2018 9:00:00'), TO_TIMESTAMP('04/JUN/2018 10:00:00'));
INSERT INTO SCHEDULED_DATE (ID, WEEK, DAY, START_TIME, END_TIME) VALUES (702, 1, 1, TO_TIMESTAMP('04/JUN/2018 10:00:00'), TO_TIMESTAMP('04/JUN/2018 11:00:00'));
INSERT INTO SCHEDULED_DATE (ID, WEEK, DAY, START_TIME, END_TIME) VALUES (703, 1, 1, TO_TIMESTAMP('04/JUN/2018 11:00:00'), TO_TIMESTAMP('04/JUN/2018 12:00:00'));       
INSERT INTO SCHEDULED_DATE (ID, WEEK, DAY, START_TIME, END_TIME) VALUES (704, 1, 1, TO_TIMESTAMP('04/JUN/2018 1:00:00'), TO_TIMESTAMP('04/JUN/2018 2:00:00'));
INSERT INTO SCHEDULED_DATE (ID, WEEK, DAY, START_TIME, END_TIME) VALUES (705, 1, 1, TO_TIMESTAMP('04/JUN/2018 2:00:00'), TO_TIMESTAMP('04/JUN/2018 3:00:00'));
INSERT INTO SCHEDULED_DATE (ID, WEEK, DAY, START_TIME, END_TIME) VALUES (706, 1, 1, TO_TIMESTAMP('04/JUN/2018 3:00:00'), TO_TIMESTAMP('04/JUN/2018 4:00:00'));
INSERT INTO SCHEDULED_DATE (ID, WEEK, DAY, START_TIME, END_TIME) VALUES (707, 1, 1, TO_TIMESTAMP('04/JUN/2018 4:00:00'), TO_TIMESTAMP('04/JUN/2018 5:00:00'));

INSERT INTO SCHEDULED_DATE (ID, WEEK, DAY, START_TIME, END_TIME) VALUES (708, 1, 2, TO_TIMESTAMP('05/JUN/2018 9:00:00'), TO_TIMESTAMP('05/JUN/2018 10:00:00'));
INSERT INTO SCHEDULED_DATE (ID, WEEK, DAY, START_TIME, END_TIME) VALUES (709, 1, 2, TO_TIMESTAMP('05/JUN/2018 10:00:00'), TO_TIMESTAMP('05/JUN/2018 11:00:00'));       

INSERT INTO SCHEDULED_DATE (ID, WEEK, DAY, START_TIME, END_TIME) VALUES (710, 2, 1, TO_TIMESTAMP('11/JUN/2018 9:00:00'), TO_TIMESTAMP('11/JUN/2018 10:00:00'));
INSERT INTO SCHEDULED_DATE (ID, WEEK, DAY, START_TIME, END_TIME) VALUES (711, 2, 1, TO_TIMESTAMP('11/JUN/2018 10:00:00'), TO_TIMESTAMP('11/JUN/2018 11:00:00'));
INSERT INTO SCHEDULED_DATE (ID, WEEK, DAY, START_TIME, END_TIME) VALUES (712, 2, 1, TO_TIMESTAMP('11/JUN/2018 11:00:00'), TO_TIMESTAMP('11/JUN/2018 12:00:00'));

/* */
INSERT INTO SCHEDULED_DATE (ID, WEEK, DAY, START_TIME, END_TIME) VALUES (713, 1, 1, TO_TIMESTAMP('04/JUN/2018 9:00:00'), TO_TIMESTAMP('04/JUN/2018 10:00:00'));
INSERT INTO SCHEDULED_DATE (ID, WEEK, DAY, START_TIME, END_TIME) VALUES (714, 1, 1, TO_TIMESTAMP('04/JUN/2018 10:00:00'), TO_TIMESTAMP('04/JUN/2018 11:00:00'));
INSERT INTO SCHEDULED_DATE (ID, WEEK, DAY, START_TIME, END_TIME) VALUES (715, 1, 1, TO_TIMESTAMP('04/JUN/2018 11:00:00'), TO_TIMESTAMP('04/JUN/2018 12:00:00'));       
INSERT INTO SCHEDULED_DATE (ID, WEEK, DAY, START_TIME, END_TIME) VALUES (716, 1, 1, TO_TIMESTAMP('04/JUN/2018 1:00:00'), TO_TIMESTAMP('04/JUN/2018 2:00:00'));
INSERT INTO SCHEDULED_DATE (ID, WEEK, DAY, START_TIME, END_TIME) VALUES (717, 1, 1, TO_TIMESTAMP('04/JUN/2018 2:00:00'), TO_TIMESTAMP('04/JUN/2018 3:00:00'));
INSERT INTO SCHEDULED_DATE (ID, WEEK, DAY, START_TIME, END_TIME) VALUES (718, 1, 1, TO_TIMESTAMP('04/JUN/2018 3:00:00'), TO_TIMESTAMP('04/JUN/2018 4:00:00'));
INSERT INTO SCHEDULED_DATE (ID, WEEK, DAY, START_TIME, END_TIME) VALUES (719, 1, 1, TO_TIMESTAMP('04/JUN/2018 4:00:00'), TO_TIMESTAMP('04/JUN/2018 5:00:00'));

INSERT INTO SCHEDULED_DATE (ID, WEEK, DAY, START_TIME, END_TIME) VALUES (720, 1, 2, TO_TIMESTAMP('05/JUN/2018 9:00:00'), TO_TIMESTAMP('05/JUN/2018 10:00:00'));
INSERT INTO SCHEDULED_DATE (ID, WEEK, DAY, START_TIME, END_TIME) VALUES (721, 1, 2, TO_TIMESTAMP('05/JUN/2018 10:00:00'), TO_TIMESTAMP('05/JUN/2018 11:00:00'));       

INSERT INTO SCHEDULED_DATE (ID, WEEK, DAY, START_TIME, END_TIME) VALUES (722, 2, 1, TO_TIMESTAMP('11/JUN/2018 9:00:00'), TO_TIMESTAMP('11/JUN/2018 10:00:00'));
INSERT INTO SCHEDULED_DATE (ID, WEEK, DAY, START_TIME, END_TIME) VALUES (723, 2, 1, TO_TIMESTAMP('11/JUN/2018 10:00:00'), TO_TIMESTAMP('11/JUN/2018 11:00:00'));
INSERT INTO SCHEDULED_DATE (ID, WEEK, DAY, START_TIME, END_TIME) VALUES (724, 2, 1, TO_TIMESTAMP('11/JUN/2018 11:00:00'), TO_TIMESTAMP('11/JUN/2018 12:00:00'));

/* */
INSERT INTO SCHEDULED_DATE (ID, WEEK, DAY, START_TIME, END_TIME) VALUES (725, 1, 1, TO_TIMESTAMP('04/JUN/2018 9:00:00'), TO_TIMESTAMP('04/JUN/2018 10:00:00'));
INSERT INTO SCHEDULED_DATE (ID, WEEK, DAY, START_TIME, END_TIME) VALUES (726, 1, 1, TO_TIMESTAMP('04/JUN/2018 10:00:00'), TO_TIMESTAMP('04/JUN/2018 11:00:00'));
INSERT INTO SCHEDULED_DATE (ID, WEEK, DAY, START_TIME, END_TIME) VALUES (727, 1, 1, TO_TIMESTAMP('04/JUN/2018 11:00:00'), TO_TIMESTAMP('04/JUN/2018 12:00:00'));       
INSERT INTO SCHEDULED_DATE (ID, WEEK, DAY, START_TIME, END_TIME) VALUES (728, 1, 1, TO_TIMESTAMP('04/JUN/2018 1:00:00'), TO_TIMESTAMP('04/JUN/2018 2:00:00'));
INSERT INTO SCHEDULED_DATE (ID, WEEK, DAY, START_TIME, END_TIME) VALUES (729, 1, 1, TO_TIMESTAMP('04/JUN/2018 2:00:00'), TO_TIMESTAMP('04/JUN/2018 3:00:00'));
INSERT INTO SCHEDULED_DATE (ID, WEEK, DAY, START_TIME, END_TIME) VALUES (730, 1, 1, TO_TIMESTAMP('04/JUN/2018 3:00:00'), TO_TIMESTAMP('04/JUN/2018 4:00:00'));
INSERT INTO SCHEDULED_DATE (ID, WEEK, DAY, START_TIME, END_TIME) VALUES (731, 1, 1, TO_TIMESTAMP('04/JUN/2018 4:00:00'), TO_TIMESTAMP('04/JUN/2018 5:00:00'));

INSERT INTO SCHEDULED_DATE (ID, WEEK, DAY, START_TIME, END_TIME) VALUES (732, 1, 2, TO_TIMESTAMP('05/JUN/2018 9:00:00'), TO_TIMESTAMP('05/JUN/2018 10:00:00'));
INSERT INTO SCHEDULED_DATE (ID, WEEK, DAY, START_TIME, END_TIME) VALUES (733, 1, 2, TO_TIMESTAMP('05/JUN/2018 10:00:00'), TO_TIMESTAMP('05/JUN/2018 11:00:00'));       

INSERT INTO SCHEDULED_DATE (ID, WEEK, DAY, START_TIME, END_TIME) VALUES (734, 2, 1, TO_TIMESTAMP('11/JUN/2018 9:00:00'), TO_TIMESTAMP('11/JUN/2018 10:00:00'));
INSERT INTO SCHEDULED_DATE (ID, WEEK, DAY, START_TIME, END_TIME) VALUES (735, 2, 1, TO_TIMESTAMP('11/JUN/2018 10:00:00'), TO_TIMESTAMP('11/JUN/2018 11:00:00'));
INSERT INTO SCHEDULED_DATE (ID, WEEK, DAY, START_TIME, END_TIME) VALUES (736, 2, 1, TO_TIMESTAMP('11/JUN/2018 11:00:00'), TO_TIMESTAMP('11/JUN/2018 12:00:00'));

/* */
INSERT INTO SCHEDULED_DATE (ID, WEEK, DAY, START_TIME, END_TIME) VALUES (737, 1, 1, TO_TIMESTAMP('04/JUN/2018 9:00:00'), TO_TIMESTAMP('04/JUN/2018 10:00:00'));
INSERT INTO SCHEDULED_DATE (ID, WEEK, DAY, START_TIME, END_TIME) VALUES (738, 1, 1, TO_TIMESTAMP('04/JUN/2018 10:00:00'), TO_TIMESTAMP('04/JUN/2018 11:00:00'));
INSERT INTO SCHEDULED_DATE (ID, WEEK, DAY, START_TIME, END_TIME) VALUES (739, 1, 1, TO_TIMESTAMP('04/JUN/2018 11:00:00'), TO_TIMESTAMP('04/JUN/2018 12:00:00'));       
INSERT INTO SCHEDULED_DATE (ID, WEEK, DAY, START_TIME, END_TIME) VALUES (740, 1, 1, TO_TIMESTAMP('04/JUN/2018 1:00:00'), TO_TIMESTAMP('04/JUN/2018 2:00:00'));
INSERT INTO SCHEDULED_DATE (ID, WEEK, DAY, START_TIME, END_TIME) VALUES (741, 1, 1, TO_TIMESTAMP('04/JUN/2018 2:00:00'), TO_TIMESTAMP('04/JUN/2018 3:00:00'));
INSERT INTO SCHEDULED_DATE (ID, WEEK, DAY, START_TIME, END_TIME) VALUES (742, 1, 1, TO_TIMESTAMP('04/JUN/2018 3:00:00'), TO_TIMESTAMP('04/JUN/2018 4:00:00'));
INSERT INTO SCHEDULED_DATE (ID, WEEK, DAY, START_TIME, END_TIME) VALUES (743, 1, 1, TO_TIMESTAMP('04/JUN/2018 4:00:00'), TO_TIMESTAMP('04/JUN/2018 5:00:00'));

INSERT INTO SCHEDULED_DATE (ID, WEEK, DAY, START_TIME, END_TIME) VALUES (744, 1, 2, TO_TIMESTAMP('05/JUN/2018 9:00:00'), TO_TIMESTAMP('05/JUN/2018 10:00:00'));
INSERT INTO SCHEDULED_DATE (ID, WEEK, DAY, START_TIME, END_TIME) VALUES (745, 1, 2, TO_TIMESTAMP('05/JUN/2018 10:00:00'), TO_TIMESTAMP('05/JUN/2018 11:00:00'));       

INSERT INTO SCHEDULED_DATE (ID, WEEK, DAY, START_TIME, END_TIME) VALUES (746, 2, 1, TO_TIMESTAMP('11/JUN/2018 9:00:00'), TO_TIMESTAMP('11/JUN/2018 10:00:00'));
INSERT INTO SCHEDULED_DATE (ID, WEEK, DAY, START_TIME, END_TIME) VALUES (747, 2, 1, TO_TIMESTAMP('11/JUN/2018 10:00:00'), TO_TIMESTAMP('11/JUN/2018 11:00:00'));
INSERT INTO SCHEDULED_DATE (ID, WEEK, DAY, START_TIME, END_TIME) VALUES (748, 2, 1, TO_TIMESTAMP('11/JUN/2018 11:00:00'), TO_TIMESTAMP('11/JUN/2018 12:00:00'));

/* */
INSERT INTO SCHEDULED_DATE (ID, WEEK, DAY, START_TIME, END_TIME) VALUES (749, 1, 1, TO_TIMESTAMP('04/JUN/2018 9:00:00'), TO_TIMESTAMP('04/JUN/2018 10:00:00'));
INSERT INTO SCHEDULED_DATE (ID, WEEK, DAY, START_TIME, END_TIME) VALUES (750, 1, 1, TO_TIMESTAMP('04/JUN/2018 10:00:00'), TO_TIMESTAMP('04/JUN/2018 11:00:00'));
INSERT INTO SCHEDULED_DATE (ID, WEEK, DAY, START_TIME, END_TIME) VALUES (751, 1, 1, TO_TIMESTAMP('04/JUN/2018 11:00:00'), TO_TIMESTAMP('04/JUN/2018 12:00:00'));       
INSERT INTO SCHEDULED_DATE (ID, WEEK, DAY, START_TIME, END_TIME) VALUES (752, 1, 1, TO_TIMESTAMP('04/JUN/2018 1:00:00'), TO_TIMESTAMP('04/JUN/2018 2:00:00'));
INSERT INTO SCHEDULED_DATE (ID, WEEK, DAY, START_TIME, END_TIME) VALUES (753, 1, 1, TO_TIMESTAMP('04/JUN/2018 2:00:00'), TO_TIMESTAMP('04/JUN/2018 3:00:00'));
INSERT INTO SCHEDULED_DATE (ID, WEEK, DAY, START_TIME, END_TIME) VALUES (754, 1, 1, TO_TIMESTAMP('04/JUN/2018 3:00:00'), TO_TIMESTAMP('04/JUN/2018 4:00:00'));
INSERT INTO SCHEDULED_DATE (ID, WEEK, DAY, START_TIME, END_TIME) VALUES (755, 1, 1, TO_TIMESTAMP('04/JUN/2018 4:00:00'), TO_TIMESTAMP('04/JUN/2018 5:00:00'));

INSERT INTO SCHEDULED_DATE (ID, WEEK, DAY, START_TIME, END_TIME) VALUES (756, 1, 2, TO_TIMESTAMP('05/JUN/2018 9:00:00'), TO_TIMESTAMP('05/JUN/2018 10:00:00'));
INSERT INTO SCHEDULED_DATE (ID, WEEK, DAY, START_TIME, END_TIME) VALUES (757, 1, 2, TO_TIMESTAMP('05/JUN/2018 10:00:00'), TO_TIMESTAMP('05/JUN/2018 11:00:00'));       

INSERT INTO SCHEDULED_DATE (ID, WEEK, DAY, START_TIME, END_TIME) VALUES (758, 2, 1, TO_TIMESTAMP('11/JUN/2018 9:00:00'), TO_TIMESTAMP('11/JUN/2018 10:00:00'));
INSERT INTO SCHEDULED_DATE (ID, WEEK, DAY, START_TIME, END_TIME) VALUES (759, 2, 1, TO_TIMESTAMP('11/JUN/2018 10:00:00'), TO_TIMESTAMP('11/JUN/2018 11:00:00'));
INSERT INTO SCHEDULED_DATE (ID, WEEK, DAY, START_TIME, END_TIME) VALUES (760, 2, 1, TO_TIMESTAMP('11/JUN/2018 11:00:00'), TO_TIMESTAMP('11/JUN/2018 12:00:00'));

/* */
INSERT INTO SCHEDULED_DATE (ID, WEEK, DAY, START_TIME, END_TIME) VALUES (761, 1, 1, TO_TIMESTAMP('04/JUN/2018 9:00:00'), TO_TIMESTAMP('04/JUN/2018 10:00:00'));
INSERT INTO SCHEDULED_DATE (ID, WEEK, DAY, START_TIME, END_TIME) VALUES (762, 1, 1, TO_TIMESTAMP('04/JUN/2018 10:00:00'), TO_TIMESTAMP('04/JUN/2018 11:00:00'));
INSERT INTO SCHEDULED_DATE (ID, WEEK, DAY, START_TIME, END_TIME) VALUES (763, 1, 1, TO_TIMESTAMP('04/JUN/2018 11:00:00'), TO_TIMESTAMP('04/JUN/2018 12:00:00'));       
INSERT INTO SCHEDULED_DATE (ID, WEEK, DAY, START_TIME, END_TIME) VALUES (764, 1, 1, TO_TIMESTAMP('04/JUN/2018 1:00:00'), TO_TIMESTAMP('04/JUN/2018 2:00:00'));
INSERT INTO SCHEDULED_DATE (ID, WEEK, DAY, START_TIME, END_TIME) VALUES (765, 1, 1, TO_TIMESTAMP('04/JUN/2018 2:00:00'), TO_TIMESTAMP('04/JUN/2018 3:00:00'));
INSERT INTO SCHEDULED_DATE (ID, WEEK, DAY, START_TIME, END_TIME) VALUES (766, 1, 1, TO_TIMESTAMP('04/JUN/2018 3:00:00'), TO_TIMESTAMP('04/JUN/2018 4:00:00'));
INSERT INTO SCHEDULED_DATE (ID, WEEK, DAY, START_TIME, END_TIME) VALUES (767, 1, 1, TO_TIMESTAMP('04/JUN/2018 4:00:00'), TO_TIMESTAMP('04/JUN/2018 5:00:00'));

INSERT INTO SCHEDULED_DATE (ID, WEEK, DAY, START_TIME, END_TIME) VALUES (768, 1, 2, TO_TIMESTAMP('05/JUN/2018 9:00:00'), TO_TIMESTAMP('05/JUN/2018 10:00:00'));
INSERT INTO SCHEDULED_DATE (ID, WEEK, DAY, START_TIME, END_TIME) VALUES (769, 1, 2, TO_TIMESTAMP('05/JUN/2018 10:00:00'), TO_TIMESTAMP('05/JUN/2018 11:00:00'));       

INSERT INTO SCHEDULED_DATE (ID, WEEK, DAY, START_TIME, END_TIME) VALUES (770, 2, 1, TO_TIMESTAMP('11/JUN/2018 9:00:00'), TO_TIMESTAMP('11/JUN/2018 10:00:00'));
INSERT INTO SCHEDULED_DATE (ID, WEEK, DAY, START_TIME, END_TIME) VALUES (771, 2, 1, TO_TIMESTAMP('11/JUN/2018 10:00:00'), TO_TIMESTAMP('11/JUN/2018 11:00:00'));
INSERT INTO SCHEDULED_DATE (ID, WEEK, DAY, START_TIME, END_TIME) VALUES (772, 2, 1, TO_TIMESTAMP('11/JUN/2018 11:00:00'), TO_TIMESTAMP('11/JUN/2018 12:00:00'));

/* */
INSERT INTO SCHEDULED_DATE (ID, WEEK, DAY, START_TIME, END_TIME) VALUES (773, 1, 1, TO_TIMESTAMP('04/JUN/2018 9:00:00'), TO_TIMESTAMP('04/JUN/2018 10:00:00'));
INSERT INTO SCHEDULED_DATE (ID, WEEK, DAY, START_TIME, END_TIME) VALUES (774, 1, 1, TO_TIMESTAMP('04/JUN/2018 10:00:00'), TO_TIMESTAMP('04/JUN/2018 11:00:00'));
INSERT INTO SCHEDULED_DATE (ID, WEEK, DAY, START_TIME, END_TIME) VALUES (775, 1, 1, TO_TIMESTAMP('04/JUN/2018 11:00:00'), TO_TIMESTAMP('04/JUN/2018 12:00:00'));       
INSERT INTO SCHEDULED_DATE (ID, WEEK, DAY, START_TIME, END_TIME) VALUES (776, 1, 1, TO_TIMESTAMP('04/JUN/2018 1:00:00'), TO_TIMESTAMP('04/JUN/2018 2:00:00'));
INSERT INTO SCHEDULED_DATE (ID, WEEK, DAY, START_TIME, END_TIME) VALUES (777, 1, 1, TO_TIMESTAMP('04/JUN/2018 2:00:00'), TO_TIMESTAMP('04/JUN/2018 3:00:00'));
INSERT INTO SCHEDULED_DATE (ID, WEEK, DAY, START_TIME, END_TIME) VALUES (778, 1, 1, TO_TIMESTAMP('04/JUN/2018 3:00:00'), TO_TIMESTAMP('04/JUN/2018 4:00:00'));
INSERT INTO SCHEDULED_DATE (ID, WEEK, DAY, START_TIME, END_TIME) VALUES (779, 1, 1, TO_TIMESTAMP('04/JUN/2018 4:00:00'), TO_TIMESTAMP('04/JUN/2018 5:00:00'));

INSERT INTO SCHEDULED_DATE (ID, WEEK, DAY, START_TIME, END_TIME) VALUES (780, 1, 2, TO_TIMESTAMP('05/JUN/2018 9:00:00'), TO_TIMESTAMP('05/JUN/2018 10:00:00'));
INSERT INTO SCHEDULED_DATE (ID, WEEK, DAY, START_TIME, END_TIME) VALUES (781, 1, 2, TO_TIMESTAMP('05/JUN/2018 10:00:00'), TO_TIMESTAMP('05/JUN/2018 11:00:00'));       

INSERT INTO SCHEDULED_DATE (ID, WEEK, DAY, START_TIME, END_TIME) VALUES (782, 2, 1, TO_TIMESTAMP('11/JUN/2018 9:00:00'), TO_TIMESTAMP('11/JUN/2018 10:00:00'));
INSERT INTO SCHEDULED_DATE (ID, WEEK, DAY, START_TIME, END_TIME) VALUES (783, 2, 1, TO_TIMESTAMP('11/JUN/2018 10:00:00'), TO_TIMESTAMP('11/JUN/2018 11:00:00'));
INSERT INTO SCHEDULED_DATE (ID, WEEK, DAY, START_TIME, END_TIME) VALUES (784, 2, 1, TO_TIMESTAMP('11/JUN/2018 11:00:00'), TO_TIMESTAMP('11/JUN/2018 12:00:00'));

/* */
INSERT INTO SCHEDULED_DATE (ID, WEEK, DAY, START_TIME, END_TIME) VALUES (785, 1, 1, TO_TIMESTAMP('04/JUN/2018 9:00:00'), TO_TIMESTAMP('04/JUN/2018 10:00:00'));
INSERT INTO SCHEDULED_DATE (ID, WEEK, DAY, START_TIME, END_TIME) VALUES (786, 1, 1, TO_TIMESTAMP('04/JUN/2018 10:00:00'), TO_TIMESTAMP('04/JUN/2018 11:00:00'));
INSERT INTO SCHEDULED_DATE (ID, WEEK, DAY, START_TIME, END_TIME) VALUES (787, 1, 1, TO_TIMESTAMP('04/JUN/2018 11:00:00'), TO_TIMESTAMP('04/JUN/2018 12:00:00'));       
INSERT INTO SCHEDULED_DATE (ID, WEEK, DAY, START_TIME, END_TIME) VALUES (788, 1, 1, TO_TIMESTAMP('04/JUN/2018 1:00:00'), TO_TIMESTAMP('04/JUN/2018 2:00:00'));
INSERT INTO SCHEDULED_DATE (ID, WEEK, DAY, START_TIME, END_TIME) VALUES (789, 1, 1, TO_TIMESTAMP('04/JUN/2018 2:00:00'), TO_TIMESTAMP('04/JUN/2018 3:00:00'));
INSERT INTO SCHEDULED_DATE (ID, WEEK, DAY, START_TIME, END_TIME) VALUES (790, 1, 1, TO_TIMESTAMP('04/JUN/2018 3:00:00'), TO_TIMESTAMP('04/JUN/2018 4:00:00'));
INSERT INTO SCHEDULED_DATE (ID, WEEK, DAY, START_TIME, END_TIME) VALUES (791, 1, 1, TO_TIMESTAMP('04/JUN/2018 4:00:00'), TO_TIMESTAMP('04/JUN/2018 5:00:00'));

INSERT INTO SCHEDULED_DATE (ID, WEEK, DAY, START_TIME, END_TIME) VALUES (792, 1, 2, TO_TIMESTAMP('05/JUN/2018 9:00:00'), TO_TIMESTAMP('05/JUN/2018 10:00:00'));
INSERT INTO SCHEDULED_DATE (ID, WEEK, DAY, START_TIME, END_TIME) VALUES (793, 1, 2, TO_TIMESTAMP('05/JUN/2018 10:00:00'), TO_TIMESTAMP('05/JUN/2018 11:00:00'));       

INSERT INTO SCHEDULED_DATE (ID, WEEK, DAY, START_TIME, END_TIME) VALUES (794, 2, 1, TO_TIMESTAMP('11/JUN/2018 9:00:00'), TO_TIMESTAMP('11/JUN/2018 10:00:00'));
INSERT INTO SCHEDULED_DATE (ID, WEEK, DAY, START_TIME, END_TIME) VALUES (795, 2, 1, TO_TIMESTAMP('11/JUN/2018 10:00:00'), TO_TIMESTAMP('11/JUN/2018 11:00:00'));
INSERT INTO SCHEDULED_DATE (ID, WEEK, DAY, START_TIME, END_TIME) VALUES (796, 2, 1, TO_TIMESTAMP('11/JUN/2018 11:00:00'), TO_TIMESTAMP('11/JUN/2018 12:00:00'));

/*  */
INSERT INTO SCHEDULED_DATE (ID, WEEK, DAY, START_TIME, END_TIME) VALUES (797, 1, 1, TO_TIMESTAMP('04/JUN/2018 9:00:00'), TO_TIMESTAMP('04/JUN/2018 10:00:00'));
INSERT INTO SCHEDULED_DATE (ID, WEEK, DAY, START_TIME, END_TIME) VALUES (798, 1, 1, TO_TIMESTAMP('04/JUN/2018 10:00:00'), TO_TIMESTAMP('04/JUN/2018 11:00:00'));
INSERT INTO SCHEDULED_DATE (ID, WEEK, DAY, START_TIME, END_TIME) VALUES (799, 1, 1, TO_TIMESTAMP('04/JUN/2018 11:00:00'), TO_TIMESTAMP('04/JUN/2018 12:00:00'));       
INSERT INTO SCHEDULED_DATE (ID, WEEK, DAY, START_TIME, END_TIME) VALUES (800, 1, 1, TO_TIMESTAMP('04/JUN/2018 1:00:00'), TO_TIMESTAMP('04/JUN/2018 2:00:00'));
INSERT INTO SCHEDULED_DATE (ID, WEEK, DAY, START_TIME, END_TIME) VALUES (801, 1, 1, TO_TIMESTAMP('04/JUN/2018 2:00:00'), TO_TIMESTAMP('04/JUN/2018 3:00:00'));
INSERT INTO SCHEDULED_DATE (ID, WEEK, DAY, START_TIME, END_TIME) VALUES (802, 1, 1, TO_TIMESTAMP('04/JUN/2018 3:00:00'), TO_TIMESTAMP('04/JUN/2018 4:00:00'));
INSERT INTO SCHEDULED_DATE (ID, WEEK, DAY, START_TIME, END_TIME) VALUES (803, 1, 1, TO_TIMESTAMP('04/JUN/2018 4:00:00'), TO_TIMESTAMP('04/JUN/2018 5:00:00'));

INSERT INTO SCHEDULED_DATE (ID, WEEK, DAY, START_TIME, END_TIME) VALUES (804, 1, 2, TO_TIMESTAMP('05/JUN/2018 9:00:00'), TO_TIMESTAMP('05/JUN/2018 10:00:00'));
INSERT INTO SCHEDULED_DATE (ID, WEEK, DAY, START_TIME, END_TIME) VALUES (805, 1, 2, TO_TIMESTAMP('05/JUN/2018 10:00:00'), TO_TIMESTAMP('05/JUN/2018 11:00:00'));       

INSERT INTO SCHEDULED_DATE (ID, WEEK, DAY, START_TIME, END_TIME) VALUES (806, 2, 1, TO_TIMESTAMP('11/JUN/2018 9:00:00'), TO_TIMESTAMP('11/JUN/2018 10:00:00'));
INSERT INTO SCHEDULED_DATE (ID, WEEK, DAY, START_TIME, END_TIME) VALUES (807, 2, 1, TO_TIMESTAMP('11/JUN/2018 10:00:00'), TO_TIMESTAMP('11/JUN/2018 11:00:00'));
INSERT INTO SCHEDULED_DATE (ID, WEEK, DAY, START_TIME, END_TIME) VALUES (808, 2, 1, TO_TIMESTAMP('11/JUN/2018 11:00:00'), TO_TIMESTAMP('11/JUN/2018 12:00:00'));

/* */
INSERT INTO SCHEDULED_DATE (ID, WEEK, DAY, START_TIME, END_TIME) VALUES (809, 1, 1, TO_TIMESTAMP('04/JUN/2018 9:00:00'), TO_TIMESTAMP('04/JUN/2018 10:00:00'));
INSERT INTO SCHEDULED_DATE (ID, WEEK, DAY, START_TIME, END_TIME) VALUES (810, 1, 1, TO_TIMESTAMP('04/JUN/2018 10:00:00'), TO_TIMESTAMP('04/JUN/2018 11:00:00'));
INSERT INTO SCHEDULED_DATE (ID, WEEK, DAY, START_TIME, END_TIME) VALUES (811, 1, 1, TO_TIMESTAMP('04/JUN/2018 11:00:00'), TO_TIMESTAMP('04/JUN/2018 12:00:00'));       
INSERT INTO SCHEDULED_DATE (ID, WEEK, DAY, START_TIME, END_TIME) VALUES (812, 1, 1, TO_TIMESTAMP('04/JUN/2018 1:00:00'), TO_TIMESTAMP('04/JUN/2018 2:00:00'));
INSERT INTO SCHEDULED_DATE (ID, WEEK, DAY, START_TIME, END_TIME) VALUES (813, 1, 1, TO_TIMESTAMP('04/JUN/2018 2:00:00'), TO_TIMESTAMP('04/JUN/2018 3:00:00'));
INSERT INTO SCHEDULED_DATE (ID, WEEK, DAY, START_TIME, END_TIME) VALUES (814, 1, 1, TO_TIMESTAMP('04/JUN/2018 3:00:00'), TO_TIMESTAMP('04/JUN/2018 4:00:00'));
INSERT INTO SCHEDULED_DATE (ID, WEEK, DAY, START_TIME, END_TIME) VALUES (815, 1, 1, TO_TIMESTAMP('04/JUN/2018 4:00:00'), TO_TIMESTAMP('04/JUN/2018 5:00:00'));

INSERT INTO SCHEDULED_DATE (ID, WEEK, DAY, START_TIME, END_TIME) VALUES (816, 1, 2, TO_TIMESTAMP('05/JUN/2018 9:00:00'), TO_TIMESTAMP('05/JUN/2018 10:00:00'));
INSERT INTO SCHEDULED_DATE (ID, WEEK, DAY, START_TIME, END_TIME) VALUES (817, 1, 2, TO_TIMESTAMP('05/JUN/2018 10:00:00'), TO_TIMESTAMP('05/JUN/2018 11:00:00'));       

INSERT INTO SCHEDULED_DATE (ID, WEEK, DAY, START_TIME, END_TIME) VALUES (818, 2, 1, TO_TIMESTAMP('11/JUN/2018 9:00:00'), TO_TIMESTAMP('11/JUN/2018 10:00:00'));
INSERT INTO SCHEDULED_DATE (ID, WEEK, DAY, START_TIME, END_TIME) VALUES (819, 2, 1, TO_TIMESTAMP('11/JUN/2018 10:00:00'), TO_TIMESTAMP('11/JUN/2018 11:00:00'));
INSERT INTO SCHEDULED_DATE (ID, WEEK, DAY, START_TIME, END_TIME) VALUES (820, 2, 1, TO_TIMESTAMP('11/JUN/2018 11:00:00'), TO_TIMESTAMP('11/JUN/2018 12:00:00'));

/* */
INSERT INTO SCHEDULED_DATE (ID, WEEK, DAY, START_TIME, END_TIME) VALUES (821, 1, 1, TO_TIMESTAMP('04/JUN/2018 9:00:00'), TO_TIMESTAMP('04/JUN/2018 10:00:00'));
INSERT INTO SCHEDULED_DATE (ID, WEEK, DAY, START_TIME, END_TIME) VALUES (822, 1, 1, TO_TIMESTAMP('04/JUN/2018 10:00:00'), TO_TIMESTAMP('04/JUN/2018 11:00:00'));
INSERT INTO SCHEDULED_DATE (ID, WEEK, DAY, START_TIME, END_TIME) VALUES (823, 1, 1, TO_TIMESTAMP('04/JUN/2018 11:00:00'), TO_TIMESTAMP('04/JUN/2018 12:00:00'));       
INSERT INTO SCHEDULED_DATE (ID, WEEK, DAY, START_TIME, END_TIME) VALUES (824, 1, 1, TO_TIMESTAMP('04/JUN/2018 1:00:00'), TO_TIMESTAMP('04/JUN/2018 2:00:00'));
INSERT INTO SCHEDULED_DATE (ID, WEEK, DAY, START_TIME, END_TIME) VALUES (825, 1, 1, TO_TIMESTAMP('04/JUN/2018 2:00:00'), TO_TIMESTAMP('04/JUN/2018 3:00:00'));
INSERT INTO SCHEDULED_DATE (ID, WEEK, DAY, START_TIME, END_TIME) VALUES (826, 1, 1, TO_TIMESTAMP('04/JUN/2018 3:00:00'), TO_TIMESTAMP('04/JUN/2018 4:00:00'));
INSERT INTO SCHEDULED_DATE (ID, WEEK, DAY, START_TIME, END_TIME) VALUES (827, 1, 1, TO_TIMESTAMP('04/JUN/2018 4:00:00'), TO_TIMESTAMP('04/JUN/2018 5:00:00'));

INSERT INTO SCHEDULED_DATE (ID, WEEK, DAY, START_TIME, END_TIME) VALUES (828, 1, 2, TO_TIMESTAMP('05/JUN/2018 9:00:00'), TO_TIMESTAMP('05/JUN/2018 10:00:00'));
INSERT INTO SCHEDULED_DATE (ID, WEEK, DAY, START_TIME, END_TIME) VALUES (829, 1, 2, TO_TIMESTAMP('05/JUN/2018 10:00:00'), TO_TIMESTAMP('05/JUN/2018 11:00:00'));       

INSERT INTO SCHEDULED_DATE (ID, WEEK, DAY, START_TIME, END_TIME) VALUES (830, 2, 1, TO_TIMESTAMP('11/JUN/2018 9:00:00'), TO_TIMESTAMP('11/JUN/2018 10:00:00'));
INSERT INTO SCHEDULED_DATE (ID, WEEK, DAY, START_TIME, END_TIME) VALUES (831, 2, 1, TO_TIMESTAMP('11/JUN/2018 10:00:00'), TO_TIMESTAMP('11/JUN/2018 11:00:00'));
INSERT INTO SCHEDULED_DATE (ID, WEEK, DAY, START_TIME, END_TIME) VALUES (832, 2, 1, TO_TIMESTAMP('11/JUN/2018 11:00:00'), TO_TIMESTAMP('11/JUN/2018 12:00:00'));

/* */
INSERT INTO SCHEDULED_DATE (ID, WEEK, DAY, START_TIME, END_TIME) VALUES (833, 1, 1, TO_TIMESTAMP('04/JUN/2018 9:00:00'), TO_TIMESTAMP('04/JUN/2018 10:00:00'));
INSERT INTO SCHEDULED_DATE (ID, WEEK, DAY, START_TIME, END_TIME) VALUES (834, 1, 1, TO_TIMESTAMP('04/JUN/2018 10:00:00'), TO_TIMESTAMP('04/JUN/2018 11:00:00'));
INSERT INTO SCHEDULED_DATE (ID, WEEK, DAY, START_TIME, END_TIME) VALUES (835, 1, 1, TO_TIMESTAMP('04/JUN/2018 11:00:00'), TO_TIMESTAMP('04/JUN/2018 12:00:00'));       
INSERT INTO SCHEDULED_DATE (ID, WEEK, DAY, START_TIME, END_TIME) VALUES (836, 1, 1, TO_TIMESTAMP('04/JUN/2018 1:00:00'), TO_TIMESTAMP('04/JUN/2018 2:00:00'));
INSERT INTO SCHEDULED_DATE (ID, WEEK, DAY, START_TIME, END_TIME) VALUES (837, 1, 1, TO_TIMESTAMP('04/JUN/2018 2:00:00'), TO_TIMESTAMP('04/JUN/2018 3:00:00'));
INSERT INTO SCHEDULED_DATE (ID, WEEK, DAY, START_TIME, END_TIME) VALUES (838, 1, 1, TO_TIMESTAMP('04/JUN/2018 3:00:00'), TO_TIMESTAMP('04/JUN/2018 4:00:00'));
INSERT INTO SCHEDULED_DATE (ID, WEEK, DAY, START_TIME, END_TIME) VALUES (839, 1, 1, TO_TIMESTAMP('04/JUN/2018 4:00:00'), TO_TIMESTAMP('04/JUN/2018 5:00:00'));

INSERT INTO SCHEDULED_DATE (ID, WEEK, DAY, START_TIME, END_TIME) VALUES (840, 1, 2, TO_TIMESTAMP('05/JUN/2018 9:00:00'), TO_TIMESTAMP('05/JUN/2018 10:00:00'));
INSERT INTO SCHEDULED_DATE (ID, WEEK, DAY, START_TIME, END_TIME) VALUES (841, 1, 2, TO_TIMESTAMP('05/JUN/2018 10:00:00'), TO_TIMESTAMP('05/JUN/2018 11:00:00'));       

INSERT INTO SCHEDULED_DATE (ID, WEEK, DAY, START_TIME, END_TIME) VALUES (842, 2, 1, TO_TIMESTAMP('11/JUN/2018 9:00:00'), TO_TIMESTAMP('11/JUN/2018 10:00:00'));
INSERT INTO SCHEDULED_DATE (ID, WEEK, DAY, START_TIME, END_TIME) VALUES (843, 2, 1, TO_TIMESTAMP('11/JUN/2018 10:00:00'), TO_TIMESTAMP('11/JUN/2018 11:00:00'));
INSERT INTO SCHEDULED_DATE (ID, WEEK, DAY, START_TIME, END_TIME) VALUES (844, 2, 1, TO_TIMESTAMP('11/JUN/2018 11:00:00'), TO_TIMESTAMP('11/JUN/2018 12:00:00'));

/* */
INSERT INTO SCHEDULED_DATE (ID, WEEK, DAY, START_TIME, END_TIME) VALUES (845, 1, 1, TO_TIMESTAMP('04/JUN/2018 9:00:00'), TO_TIMESTAMP('04/JUN/2018 10:00:00'));
INSERT INTO SCHEDULED_DATE (ID, WEEK, DAY, START_TIME, END_TIME) VALUES (846, 1, 1, TO_TIMESTAMP('04/JUN/2018 10:00:00'), TO_TIMESTAMP('04/JUN/2018 11:00:00'));
INSERT INTO SCHEDULED_DATE (ID, WEEK, DAY, START_TIME, END_TIME) VALUES (847, 1, 1, TO_TIMESTAMP('04/JUN/2018 11:00:00'), TO_TIMESTAMP('04/JUN/2018 12:00:00'));       
INSERT INTO SCHEDULED_DATE (ID, WEEK, DAY, START_TIME, END_TIME) VALUES (848, 1, 1, TO_TIMESTAMP('04/JUN/2018 1:00:00'), TO_TIMESTAMP('04/JUN/2018 2:00:00'));
INSERT INTO SCHEDULED_DATE (ID, WEEK, DAY, START_TIME, END_TIME) VALUES (849, 1, 1, TO_TIMESTAMP('04/JUN/2018 2:00:00'), TO_TIMESTAMP('04/JUN/2018 3:00:00'));
INSERT INTO SCHEDULED_DATE (ID, WEEK, DAY, START_TIME, END_TIME) VALUES (850, 1, 1, TO_TIMESTAMP('04/JUN/2018 3:00:00'), TO_TIMESTAMP('04/JUN/2018 4:00:00'));
INSERT INTO SCHEDULED_DATE (ID, WEEK, DAY, START_TIME, END_TIME) VALUES (851, 1, 1, TO_TIMESTAMP('04/JUN/2018 4:00:00'), TO_TIMESTAMP('04/JUN/2018 5:00:00'));

INSERT INTO SCHEDULED_DATE (ID, WEEK, DAY, START_TIME, END_TIME) VALUES (852, 1, 2, TO_TIMESTAMP('05/JUN/2018 9:00:00'), TO_TIMESTAMP('05/JUN/2018 10:00:00'));
INSERT INTO SCHEDULED_DATE (ID, WEEK, DAY, START_TIME, END_TIME) VALUES (853, 1, 2, TO_TIMESTAMP('05/JUN/2018 10:00:00'), TO_TIMESTAMP('05/JUN/2018 11:00:00'));       

INSERT INTO SCHEDULED_DATE (ID, WEEK, DAY, START_TIME, END_TIME) VALUES (854, 2, 1, TO_TIMESTAMP('11/JUN/2018 9:00:00'), TO_TIMESTAMP('11/JUN/2018 10:00:00'));
INSERT INTO SCHEDULED_DATE (ID, WEEK, DAY, START_TIME, END_TIME) VALUES (855, 2, 1, TO_TIMESTAMP('11/JUN/2018 10:00:00'), TO_TIMESTAMP('11/JUN/2018 11:00:00'));
INSERT INTO SCHEDULED_DATE (ID, WEEK, DAY, START_TIME, END_TIME) VALUES (856, 2, 1, TO_TIMESTAMP('11/JUN/2018 11:00:00'), TO_TIMESTAMP('11/JUN/2018 12:00:00'));

/* */

/*  Scheduled Subtopic IDs will begin at 3000

    Date - scheduled date ID
    Schedule - schedule 
    
    Subtopics for Java
    1000 - loops
    1001 - OOP
    1004 - Polymorphism
    1005 - Abstraction
    1007 - Constraints
    1008 - Functions
    1010 - Static/Final Keyword
    1011 - Exceptions and Errors
    1012 - File Handling
    
    Subtopics for SQL
    1002 - Select Queries
    1003 - Joins
    1009 - Procedures
    
*/

/* Schedule 601 */
INSERT INTO SCHEDULED_SUBTOPICS (ID, SUBTOPIC_ID, DATE, SCHEDULE) VALUES (3001, 1000, 701, 601);
INSERT INTO SCHEDULED_SUBTOPICS (ID, SUBTOPIC_ID, DATE, SCHEDULE) VALUES (3002, 1001, 702, 601);
INSERT INTO SCHEDULED_SUBTOPICS (ID, SUBTOPIC_ID, DATE, SCHEDULE) VALUES (3003, 1004, 703, 601);
INSERT INTO SCHEDULED_SUBTOPICS (ID, SUBTOPIC_ID, DATE, SCHEDULE) VALUES (3004, 1005, 704, 601);
INSERT INTO SCHEDULED_SUBTOPICS (ID, SUBTOPIC_ID, DATE, SCHEDULE) VALUES (3005, 1007, 705, 601);
INSERT INTO SCHEDULED_SUBTOPICS (ID, SUBTOPIC_ID, DATE, SCHEDULE) VALUES (3006, 1008, 706, 601);
INSERT INTO SCHEDULED_SUBTOPICS (ID, SUBTOPIC_ID, DATE, SCHEDULE) VALUES (3007, 1010, 707, 601);

INSERT INTO SCHEDULED_SUBTOPICS (ID, SUBTOPIC_ID, DATE, SCHEDULE) VALUES (3008, 1011, 708, 601);
INSERT INTO SCHEDULED_SUBTOPICS (ID, SUBTOPIC_ID, DATE, SCHEDULE) VALUES (3009, 1012, 709, 601);

INSERT INTO SCHEDULED_SUBTOPICS (ID, SUBTOPIC_ID, DATE, SCHEDULE) VALUES (3010, 1002, 710, 601);
INSERT INTO SCHEDULED_SUBTOPICS (ID, SUBTOPIC_ID, DATE, SCHEDULE) VALUES (3011, 1003, 711, 601);
INSERT INTO SCHEDULED_SUBTOPICS (ID, SUBTOPIC_ID, DATE, SCHEDULE) VALUES (3012, 1009, 712, 601);

/* Schedule 602 */
INSERT INTO SCHEDULED_SUBTOPICS (ID, SUBTOPIC_ID, DATE, SCHEDULE) VALUES (3013, 1000, 713, 602);
INSERT INTO SCHEDULED_SUBTOPICS (ID, SUBTOPIC_ID, DATE, SCHEDULE) VALUES (3014, 1001, 714, 602);
INSERT INTO SCHEDULED_SUBTOPICS (ID, SUBTOPIC_ID, DATE, SCHEDULE) VALUES (3015, 1004, 715, 602);
INSERT INTO SCHEDULED_SUBTOPICS (ID, SUBTOPIC_ID, DATE, SCHEDULE) VALUES (3016, 1005, 716, 602);
INSERT INTO SCHEDULED_SUBTOPICS (ID, SUBTOPIC_ID, DATE, SCHEDULE) VALUES (3017, 1007, 717, 602);
INSERT INTO SCHEDULED_SUBTOPICS (ID, SUBTOPIC_ID, DATE, SCHEDULE) VALUES (3018, 1008, 718, 602);
INSERT INTO SCHEDULED_SUBTOPICS (ID, SUBTOPIC_ID, DATE, SCHEDULE) VALUES (3019, 1010, 719, 602);

INSERT INTO SCHEDULED_SUBTOPICS (ID, SUBTOPIC_ID, DATE, SCHEDULE) VALUES (3020, 1011, 720, 602);
INSERT INTO SCHEDULED_SUBTOPICS (ID, SUBTOPIC_ID, DATE, SCHEDULE) VALUES (3021, 1012, 721, 602);

INSERT INTO SCHEDULED_SUBTOPICS (ID, SUBTOPIC_ID, DATE, SCHEDULE) VALUES (3022, 1002, 722, 602);
INSERT INTO SCHEDULED_SUBTOPICS (ID, SUBTOPIC_ID, DATE, SCHEDULE) VALUES (3023, 1003, 723, 602);
INSERT INTO SCHEDULED_SUBTOPICS (ID, SUBTOPIC_ID, DATE, SCHEDULE) VALUES (3024, 1009, 724, 602);

/* Schedule 603 */
INSERT INTO SCHEDULED_SUBTOPICS (ID, SUBTOPIC_ID, DATE, SCHEDULE) VALUES (3025, 1000, 725, 603);
INSERT INTO SCHEDULED_SUBTOPICS (ID, SUBTOPIC_ID, DATE, SCHEDULE) VALUES (3026, 1001, 726, 603);
INSERT INTO SCHEDULED_SUBTOPICS (ID, SUBTOPIC_ID, DATE, SCHEDULE) VALUES (3027, 1004, 727, 603);
INSERT INTO SCHEDULED_SUBTOPICS (ID, SUBTOPIC_ID, DATE, SCHEDULE) VALUES (3028, 1005, 728, 603);
INSERT INTO SCHEDULED_SUBTOPICS (ID, SUBTOPIC_ID, DATE, SCHEDULE) VALUES (3029, 1007, 729, 603);
INSERT INTO SCHEDULED_SUBTOPICS (ID, SUBTOPIC_ID, DATE, SCHEDULE) VALUES (3030, 1008, 730, 603);
INSERT INTO SCHEDULED_SUBTOPICS (ID, SUBTOPIC_ID, DATE, SCHEDULE) VALUES (3031, 1010, 731, 603);

INSERT INTO SCHEDULED_SUBTOPICS (ID, SUBTOPIC_ID, DATE, SCHEDULE) VALUES (3032, 1011, 732, 603);
INSERT INTO SCHEDULED_SUBTOPICS (ID, SUBTOPIC_ID, DATE, SCHEDULE) VALUES (3033, 1012, 733, 603);

INSERT INTO SCHEDULED_SUBTOPICS (ID, SUBTOPIC_ID, DATE, SCHEDULE) VALUES (3034, 1002, 734, 603);
INSERT INTO SCHEDULED_SUBTOPICS (ID, SUBTOPIC_ID, DATE, SCHEDULE) VALUES (3035, 1003, 735, 603);
INSERT INTO SCHEDULED_SUBTOPICS (ID, SUBTOPIC_ID, DATE, SCHEDULE) VALUES (3036, 1009, 736, 603);

/* Schedule 604 */
INSERT INTO SCHEDULED_SUBTOPICS (ID, SUBTOPIC_ID, DATE, SCHEDULE) VALUES (3037, 1000, 737, 604);
INSERT INTO SCHEDULED_SUBTOPICS (ID, SUBTOPIC_ID, DATE, SCHEDULE) VALUES (3038, 1001, 738, 604);
INSERT INTO SCHEDULED_SUBTOPICS (ID, SUBTOPIC_ID, DATE, SCHEDULE) VALUES (3039, 1004, 739, 604);
INSERT INTO SCHEDULED_SUBTOPICS (ID, SUBTOPIC_ID, DATE, SCHEDULE) VALUES (3040, 1005, 740, 604);
INSERT INTO SCHEDULED_SUBTOPICS (ID, SUBTOPIC_ID, DATE, SCHEDULE) VALUES (3041, 1007, 741, 604);
INSERT INTO SCHEDULED_SUBTOPICS (ID, SUBTOPIC_ID, DATE, SCHEDULE) VALUES (3042, 1008, 742, 604);
INSERT INTO SCHEDULED_SUBTOPICS (ID, SUBTOPIC_ID, DATE, SCHEDULE) VALUES (3043, 1010, 743, 604);

INSERT INTO SCHEDULED_SUBTOPICS (ID, SUBTOPIC_ID, DATE, SCHEDULE) VALUES (3044, 1011, 744, 604);
INSERT INTO SCHEDULED_SUBTOPICS (ID, SUBTOPIC_ID, DATE, SCHEDULE) VALUES (3045, 1012, 745, 604);

INSERT INTO SCHEDULED_SUBTOPICS (ID, SUBTOPIC_ID, DATE, SCHEDULE) VALUES (3046, 1002, 746, 604);
INSERT INTO SCHEDULED_SUBTOPICS (ID, SUBTOPIC_ID, DATE, SCHEDULE) VALUES (3047, 1003, 747, 604);
INSERT INTO SCHEDULED_SUBTOPICS (ID, SUBTOPIC_ID, DATE, SCHEDULE) VALUES (3048, 1009, 748, 604);

/* Schedule 605 */
INSERT INTO SCHEDULED_SUBTOPICS (ID, SUBTOPIC_ID, DATE, SCHEDULE) VALUES (3049, 1000, 749, 605);
INSERT INTO SCHEDULED_SUBTOPICS (ID, SUBTOPIC_ID, DATE, SCHEDULE) VALUES (3050, 1001, 750, 605);
INSERT INTO SCHEDULED_SUBTOPICS (ID, SUBTOPIC_ID, DATE, SCHEDULE) VALUES (3051, 1004, 751, 605);
INSERT INTO SCHEDULED_SUBTOPICS (ID, SUBTOPIC_ID, DATE, SCHEDULE) VALUES (3052, 1005, 752, 605);
INSERT INTO SCHEDULED_SUBTOPICS (ID, SUBTOPIC_ID, DATE, SCHEDULE) VALUES (3053, 1007, 753, 605);
INSERT INTO SCHEDULED_SUBTOPICS (ID, SUBTOPIC_ID, DATE, SCHEDULE) VALUES (3054, 1008, 754, 605);
INSERT INTO SCHEDULED_SUBTOPICS (ID, SUBTOPIC_ID, DATE, SCHEDULE) VALUES (3055, 1010, 755, 605);

INSERT INTO SCHEDULED_SUBTOPICS (ID, SUBTOPIC_ID, DATE, SCHEDULE) VALUES (3056, 1011, 756, 605);
INSERT INTO SCHEDULED_SUBTOPICS (ID, SUBTOPIC_ID, DATE, SCHEDULE) VALUES (3057, 1012, 757, 605);

INSERT INTO SCHEDULED_SUBTOPICS (ID, SUBTOPIC_ID, DATE, SCHEDULE) VALUES (3058, 1002, 758, 605);
INSERT INTO SCHEDULED_SUBTOPICS (ID, SUBTOPIC_ID, DATE, SCHEDULE) VALUES (3059, 1003, 759, 605);
INSERT INTO SCHEDULED_SUBTOPICS (ID, SUBTOPIC_ID, DATE, SCHEDULE) VALUES (3060, 1009, 760, 605);

/* Schedule 606 */
INSERT INTO SCHEDULED_SUBTOPICS (ID, SUBTOPIC_ID, DATE, SCHEDULE) VALUES (3061, 1000, 761, 606);
INSERT INTO SCHEDULED_SUBTOPICS (ID, SUBTOPIC_ID, DATE, SCHEDULE) VALUES (3062, 1001, 762, 606);
INSERT INTO SCHEDULED_SUBTOPICS (ID, SUBTOPIC_ID, DATE, SCHEDULE) VALUES (3063, 1004, 763, 606);
INSERT INTO SCHEDULED_SUBTOPICS (ID, SUBTOPIC_ID, DATE, SCHEDULE) VALUES (3064, 1005, 764, 606);
INSERT INTO SCHEDULED_SUBTOPICS (ID, SUBTOPIC_ID, DATE, SCHEDULE) VALUES (3065, 1007, 765, 606);
INSERT INTO SCHEDULED_SUBTOPICS (ID, SUBTOPIC_ID, DATE, SCHEDULE) VALUES (3066, 1008, 766, 606);
INSERT INTO SCHEDULED_SUBTOPICS (ID, SUBTOPIC_ID, DATE, SCHEDULE) VALUES (3067, 1010, 767, 606);

INSERT INTO SCHEDULED_SUBTOPICS (ID, SUBTOPIC_ID, DATE, SCHEDULE) VALUES (3068, 1011, 768, 606);
INSERT INTO SCHEDULED_SUBTOPICS (ID, SUBTOPIC_ID, DATE, SCHEDULE) VALUES (3069, 1012, 769, 606);

INSERT INTO SCHEDULED_SUBTOPICS (ID, SUBTOPIC_ID, DATE, SCHEDULE) VALUES (3070, 1002, 770, 606);
INSERT INTO SCHEDULED_SUBTOPICS (ID, SUBTOPIC_ID, DATE, SCHEDULE) VALUES (3071, 1003, 771, 606);
INSERT INTO SCHEDULED_SUBTOPICS (ID, SUBTOPIC_ID, DATE, SCHEDULE) VALUES (3072, 1009, 772, 606);

/* Schedule 607 */
INSERT INTO SCHEDULED_SUBTOPICS (ID, SUBTOPIC_ID, DATE, SCHEDULE) VALUES (3073, 1000, 773, 607);
INSERT INTO SCHEDULED_SUBTOPICS (ID, SUBTOPIC_ID, DATE, SCHEDULE) VALUES (3074, 1001, 774, 607);
INSERT INTO SCHEDULED_SUBTOPICS (ID, SUBTOPIC_ID, DATE, SCHEDULE) VALUES (3075, 1004, 775, 607);
INSERT INTO SCHEDULED_SUBTOPICS (ID, SUBTOPIC_ID, DATE, SCHEDULE) VALUES (3076, 1005, 776, 607);
INSERT INTO SCHEDULED_SUBTOPICS (ID, SUBTOPIC_ID, DATE, SCHEDULE) VALUES (3077, 1007, 777, 607);
INSERT INTO SCHEDULED_SUBTOPICS (ID, SUBTOPIC_ID, DATE, SCHEDULE) VALUES (3078, 1008, 778, 607);
INSERT INTO SCHEDULED_SUBTOPICS (ID, SUBTOPIC_ID, DATE, SCHEDULE) VALUES (3079, 1010, 779, 607);

INSERT INTO SCHEDULED_SUBTOPICS (ID, SUBTOPIC_ID, DATE, SCHEDULE) VALUES (3080, 1011, 780, 607);
INSERT INTO SCHEDULED_SUBTOPICS (ID, SUBTOPIC_ID, DATE, SCHEDULE) VALUES (3081, 1012, 781, 607);

INSERT INTO SCHEDULED_SUBTOPICS (ID, SUBTOPIC_ID, DATE, SCHEDULE) VALUES (3082, 1002, 782, 607);
INSERT INTO SCHEDULED_SUBTOPICS (ID, SUBTOPIC_ID, DATE, SCHEDULE) VALUES (3083, 1003, 783, 607);
INSERT INTO SCHEDULED_SUBTOPICS (ID, SUBTOPIC_ID, DATE, SCHEDULE) VALUES (3084, 1009, 784, 607);

/* Schedule 608 */
INSERT INTO SCHEDULED_SUBTOPICS (ID, SUBTOPIC_ID, DATE, SCHEDULE) VALUES (3085, 1000, 785, 608);
INSERT INTO SCHEDULED_SUBTOPICS (ID, SUBTOPIC_ID, DATE, SCHEDULE) VALUES (3086, 1001, 786, 608);
INSERT INTO SCHEDULED_SUBTOPICS (ID, SUBTOPIC_ID, DATE, SCHEDULE) VALUES (3087, 1004, 787, 608);
INSERT INTO SCHEDULED_SUBTOPICS (ID, SUBTOPIC_ID, DATE, SCHEDULE) VALUES (3088, 1005, 788, 608);
INSERT INTO SCHEDULED_SUBTOPICS (ID, SUBTOPIC_ID, DATE, SCHEDULE) VALUES (3089, 1007, 789, 608);
INSERT INTO SCHEDULED_SUBTOPICS (ID, SUBTOPIC_ID, DATE, SCHEDULE) VALUES (3090, 1008, 790, 608);
INSERT INTO SCHEDULED_SUBTOPICS (ID, SUBTOPIC_ID, DATE, SCHEDULE) VALUES (3091, 1010, 791, 608);

INSERT INTO SCHEDULED_SUBTOPICS (ID, SUBTOPIC_ID, DATE, SCHEDULE) VALUES (3092, 1011, 792, 608);
INSERT INTO SCHEDULED_SUBTOPICS (ID, SUBTOPIC_ID, DATE, SCHEDULE) VALUES (3093, 1012, 793, 608);

INSERT INTO SCHEDULED_SUBTOPICS (ID, SUBTOPIC_ID, DATE, SCHEDULE) VALUES (3094, 1002, 794, 608);
INSERT INTO SCHEDULED_SUBTOPICS (ID, SUBTOPIC_ID, DATE, SCHEDULE) VALUES (3095, 1003, 795, 608);
INSERT INTO SCHEDULED_SUBTOPICS (ID, SUBTOPIC_ID, DATE, SCHEDULE) VALUES (3096, 1009, 796, 608);

/* Schedule 609 */
INSERT INTO SCHEDULED_SUBTOPICS (ID, SUBTOPIC_ID, DATE, SCHEDULE) VALUES (3097, 1000, 797, 609);
INSERT INTO SCHEDULED_SUBTOPICS (ID, SUBTOPIC_ID, DATE, SCHEDULE) VALUES (3098, 1001, 798, 609);
INSERT INTO SCHEDULED_SUBTOPICS (ID, SUBTOPIC_ID, DATE, SCHEDULE) VALUES (3099, 1004, 799, 609);
INSERT INTO SCHEDULED_SUBTOPICS (ID, SUBTOPIC_ID, DATE, SCHEDULE) VALUES (3100, 1005, 800, 609);
INSERT INTO SCHEDULED_SUBTOPICS (ID, SUBTOPIC_ID, DATE, SCHEDULE) VALUES (3101, 1007, 801, 609);
INSERT INTO SCHEDULED_SUBTOPICS (ID, SUBTOPIC_ID, DATE, SCHEDULE) VALUES (3102, 1008, 802, 609);
INSERT INTO SCHEDULED_SUBTOPICS (ID, SUBTOPIC_ID, DATE, SCHEDULE) VALUES (3103, 1010, 803, 609);

INSERT INTO SCHEDULED_SUBTOPICS (ID, SUBTOPIC_ID, DATE, SCHEDULE) VALUES (3104, 1011, 804, 609);
INSERT INTO SCHEDULED_SUBTOPICS (ID, SUBTOPIC_ID, DATE, SCHEDULE) VALUES (3105, 1012, 805, 609);

INSERT INTO SCHEDULED_SUBTOPICS (ID, SUBTOPIC_ID, DATE, SCHEDULE) VALUES (3106, 1002, 806, 609);
INSERT INTO SCHEDULED_SUBTOPICS (ID, SUBTOPIC_ID, DATE, SCHEDULE) VALUES (3107, 1003, 807, 609);
INSERT INTO SCHEDULED_SUBTOPICS (ID, SUBTOPIC_ID, DATE, SCHEDULE) VALUES (3108, 1009, 808, 609);

/* Schedule 610 */
INSERT INTO SCHEDULED_SUBTOPICS (ID, SUBTOPIC_ID, DATE, SCHEDULE) VALUES (3109, 1000, 809, 610);
INSERT INTO SCHEDULED_SUBTOPICS (ID, SUBTOPIC_ID, DATE, SCHEDULE) VALUES (3110, 1001, 810, 610);
INSERT INTO SCHEDULED_SUBTOPICS (ID, SUBTOPIC_ID, DATE, SCHEDULE) VALUES (3111, 1004, 811, 610);
INSERT INTO SCHEDULED_SUBTOPICS (ID, SUBTOPIC_ID, DATE, SCHEDULE) VALUES (3112, 1005, 812, 610);
INSERT INTO SCHEDULED_SUBTOPICS (ID, SUBTOPIC_ID, DATE, SCHEDULE) VALUES (3113, 1007, 813, 610);
INSERT INTO SCHEDULED_SUBTOPICS (ID, SUBTOPIC_ID, DATE, SCHEDULE) VALUES (3114, 1008, 814, 610);
INSERT INTO SCHEDULED_SUBTOPICS (ID, SUBTOPIC_ID, DATE, SCHEDULE) VALUES (3115, 1010, 815, 610);

INSERT INTO SCHEDULED_SUBTOPICS (ID, SUBTOPIC_ID, DATE, SCHEDULE) VALUES (3116, 1011, 816, 610);
INSERT INTO SCHEDULED_SUBTOPICS (ID, SUBTOPIC_ID, DATE, SCHEDULE) VALUES (3117, 1012, 817, 610);

INSERT INTO SCHEDULED_SUBTOPICS (ID, SUBTOPIC_ID, DATE, SCHEDULE) VALUES (3118, 1002, 818, 610);
INSERT INTO SCHEDULED_SUBTOPICS (ID, SUBTOPIC_ID, DATE, SCHEDULE) VALUES (3119, 1003, 819, 610);
INSERT INTO SCHEDULED_SUBTOPICS (ID, SUBTOPIC_ID, DATE, SCHEDULE) VALUES (3120, 1009, 820, 610);

/* Schedule 611 */
INSERT INTO SCHEDULED_SUBTOPICS (ID, SUBTOPIC_ID, DATE, SCHEDULE) VALUES (3121, 1000, 821, 611);
INSERT INTO SCHEDULED_SUBTOPICS (ID, SUBTOPIC_ID, DATE, SCHEDULE) VALUES (3122, 1001, 822, 611);
INSERT INTO SCHEDULED_SUBTOPICS (ID, SUBTOPIC_ID, DATE, SCHEDULE) VALUES (3123, 1004, 823, 611);
INSERT INTO SCHEDULED_SUBTOPICS (ID, SUBTOPIC_ID, DATE, SCHEDULE) VALUES (3124, 1005, 824, 611);
INSERT INTO SCHEDULED_SUBTOPICS (ID, SUBTOPIC_ID, DATE, SCHEDULE) VALUES (3125, 1007, 825, 611);
INSERT INTO SCHEDULED_SUBTOPICS (ID, SUBTOPIC_ID, DATE, SCHEDULE) VALUES (3126, 1008, 826, 611);
INSERT INTO SCHEDULED_SUBTOPICS (ID, SUBTOPIC_ID, DATE, SCHEDULE) VALUES (3127, 1010, 827, 611);

INSERT INTO SCHEDULED_SUBTOPICS (ID, SUBTOPIC_ID, DATE, SCHEDULE) VALUES (3128, 1011, 828, 611);
INSERT INTO SCHEDULED_SUBTOPICS (ID, SUBTOPIC_ID, DATE, SCHEDULE) VALUES (3129, 1012, 829, 611);

INSERT INTO SCHEDULED_SUBTOPICS (ID, SUBTOPIC_ID, DATE, SCHEDULE) VALUES (3130, 1002, 830, 611);
INSERT INTO SCHEDULED_SUBTOPICS (ID, SUBTOPIC_ID, DATE, SCHEDULE) VALUES (3131, 1003, 831, 611);
INSERT INTO SCHEDULED_SUBTOPICS (ID, SUBTOPIC_ID, DATE, SCHEDULE) VALUES (3132, 1009, 832, 611);

/* Schedule 612 */
INSERT INTO SCHEDULED_SUBTOPICS (ID, SUBTOPIC_ID, DATE, SCHEDULE) VALUES (3133, 1000, 833, 612);
INSERT INTO SCHEDULED_SUBTOPICS (ID, SUBTOPIC_ID, DATE, SCHEDULE) VALUES (3134, 1001, 834, 612);
INSERT INTO SCHEDULED_SUBTOPICS (ID, SUBTOPIC_ID, DATE, SCHEDULE) VALUES (3135, 1004, 835, 612);
INSERT INTO SCHEDULED_SUBTOPICS (ID, SUBTOPIC_ID, DATE, SCHEDULE) VALUES (3136, 1005, 836, 612);
INSERT INTO SCHEDULED_SUBTOPICS (ID, SUBTOPIC_ID, DATE, SCHEDULE) VALUES (3137, 1007, 837, 612);
INSERT INTO SCHEDULED_SUBTOPICS (ID, SUBTOPIC_ID, DATE, SCHEDULE) VALUES (3138, 1008, 838, 612);
INSERT INTO SCHEDULED_SUBTOPICS (ID, SUBTOPIC_ID, DATE, SCHEDULE) VALUES (3139, 1010, 839, 612);

INSERT INTO SCHEDULED_SUBTOPICS (ID, SUBTOPIC_ID, DATE, SCHEDULE) VALUES (3140, 1011, 840, 612);
INSERT INTO SCHEDULED_SUBTOPICS (ID, SUBTOPIC_ID, DATE, SCHEDULE) VALUES (3141, 1012, 841, 612);

INSERT INTO SCHEDULED_SUBTOPICS (ID, SUBTOPIC_ID, DATE, SCHEDULE) VALUES (3142, 1002, 842, 612);
INSERT INTO SCHEDULED_SUBTOPICS (ID, SUBTOPIC_ID, DATE, SCHEDULE) VALUES (3143, 1003, 843, 612);
INSERT INTO SCHEDULED_SUBTOPICS (ID, SUBTOPIC_ID, DATE, SCHEDULE) VALUES (3144, 1009, 844, 612);

/* Schedule 613 */
INSERT INTO SCHEDULED_SUBTOPICS (ID, SUBTOPIC_ID, DATE, SCHEDULE) VALUES (3145, 1000, 845, 613);
INSERT INTO SCHEDULED_SUBTOPICS (ID, SUBTOPIC_ID, DATE, SCHEDULE) VALUES (3146, 1001, 846, 613);
INSERT INTO SCHEDULED_SUBTOPICS (ID, SUBTOPIC_ID, DATE, SCHEDULE) VALUES (3147, 1004, 847, 613);
INSERT INTO SCHEDULED_SUBTOPICS (ID, SUBTOPIC_ID, DATE, SCHEDULE) VALUES (3148, 1005, 848, 613);
INSERT INTO SCHEDULED_SUBTOPICS (ID, SUBTOPIC_ID, DATE, SCHEDULE) VALUES (3149, 1007, 849, 613);
INSERT INTO SCHEDULED_SUBTOPICS (ID, SUBTOPIC_ID, DATE, SCHEDULE) VALUES (3150, 1008, 850, 613);
INSERT INTO SCHEDULED_SUBTOPICS (ID, SUBTOPIC_ID, DATE, SCHEDULE) VALUES (3151, 1010, 851, 613);

INSERT INTO SCHEDULED_SUBTOPICS (ID, SUBTOPIC_ID, DATE, SCHEDULE) VALUES (3152, 1011, 852, 613);
INSERT INTO SCHEDULED_SUBTOPICS (ID, SUBTOPIC_ID, DATE, SCHEDULE) VALUES (3153, 1012, 853, 613);

INSERT INTO SCHEDULED_SUBTOPICS (ID, SUBTOPIC_ID, DATE, SCHEDULE) VALUES (3154, 1002, 854, 613);
INSERT INTO SCHEDULED_SUBTOPICS (ID, SUBTOPIC_ID, DATE, SCHEDULE) VALUES (3155, 1003, 855, 613);
INSERT INTO SCHEDULED_SUBTOPICS (ID, SUBTOPIC_ID, DATE, SCHEDULE) VALUES (3156, 1009, 856, 613);